frame,video_t_s,timer_est_s,y_front_px,V_liquid_front_ml,V_foam_top_ml,foam_thickness_ml,V_side_ml,V_back_edge_ml,back_edge_source,b_smooth_px,fit_rms_px,V_tick_ml,V_strip_ml,V_arc_ml,wire_px_tick,quality
1,0,-2.39,,,,,,,,,45.7,174.9,,197.2,15,estimator_spread>6px;setup;auto_invalid_mat;ellipse_fit_poor
2,1,-1.37,,,,,,,,,48.6,174.9,,192.9,9,estimator_spread>6px;setup;auto_invalid_mat;ellipse_fit_poor
3,2,-0.36,,,,,,,,,51.5,174.8,,192.1,9,estimator_spread>6px;setup;auto_invalid_mat;ellipse_fit_poor
4,3,0.65,,,,,,,,,40.9,174.9,,194.5,12,estimator_spread>6px;setup;auto_invalid_mat;ellipse_fit_poor
5,4,1.66,,,,,,,,,50.4,174.2,,190.8,10,estimator_spread>6px;setup;auto_invalid_mat;ellipse_fit_poor
6,5,2.68,,,,,,,,,36.1,174.4,,193.3,9,estimator_spread>6px;setup;auto_invalid_mat;ellipse_fit_poor
7,6,3.69,,,,,,,,,39.2,173.9,,195.0,12,estimator_spread>6px;setup;auto_invalid_mat;ellipse_fit_poor
8,7,4.7,,,,,,,,,40.7,174.0,,194.7,11,estimator_spread>6px;setup;auto_invalid_mat;ellipse_fit_poor
9,8,5.72,,,,,,,,,40.5,174.2,,194.4,12,estimator_spread>6px;setup;auto_invalid_mat;ellipse_fit_poor
10,9,6.73,,,,,,,,,42.9,173.5,,204.3,10,estimator_spread>6px;auto_invalid_mat;ellipse_fit_poor
11,10,7.74,,,,,,,,,88.8,175.3,,198.5,29,tick_col_wire;estimator_spread>6px;auto_invalid_mat;ellipse_fit_poor
12,11,8.75,,,,,,,,,95.8,,,188.0,0,tick_col_outlier;auto_invalid_mat;ellipse_fit_poor
13,12,9.77,,,,,,,,,100.3,,,194.9,0,tick_col_outlier;auto_invalid_mat;ellipse_fit_poor
14,13,10.78,,,,,,,,,101.6,,,175.6,0,tick_col_outlier;auto_invalid_mat;ellipse_fit_poor
15,14,11.79,,,,,,,,,106.7,,,161.6,0,tick_col_outlier;auto_invalid_mat;ellipse_fit_poor
16,15,12.81,,,,,,,,,100.5,,,155.8,0,tick_col_outlier;auto_invalid_mat;ellipse_fit_poor
17,16,13.82,,,,,,,,,98.2,,,127.5,0,tick_col_outlier;auto_invalid_mat;ellipse_fit_poor
18,17,14.83,,,,,,,,,110.0,,,121.5,0,tick_col_outlier;auto_invalid_mat;ellipse_fit_poor
19,18,15.84,,,,,,,,,105.6,,,121.0,0,tick_col_outlier;auto_invalid_mat;ellipse_fit_poor
20,19,16.86,,,,,,,,,94.6,,,136.7,0,tick_col_outlier;auto_invalid_mat;ellipse_fit_poor
21,20,17.87,,,,,,,,,74.5,,,108.2,0,tick_col_outlier;auto_invalid_mat;ellipse_fit_poor
22,21,18.88,,,,,,,,,77.4,,,123.4,0,tick_col_outlier;auto_invalid_mat;ellipse_fit_poor
23,22,19.9,,,,,,,,,112.7,,,119.1,0,tick_col_outlier;auto_invalid_mat;ellipse_fit_poor
24,23,20.91,,,,,,,,,49.4,,,109.8,0,tick_col_outlier;auto_invalid_mat;ellipse_fit_poor
25,24,21.92,,,,,,,,,93.9,,,113.6,0,tick_col_outlier;auto_invalid_mat;ellipse_fit_poor
26,25,22.93,,,,,,,,,89.6,,,62.4,0,tick_col_outlier;auto_invalid_mat;ellipse_fit_poor
27,26,23.95,,,,,,,,,89.5,,,91.1,0,tick_col_outlier;auto_invalid_mat;ellipse_fit_poor
28,27,24.96,,,,,,,,,89.7,,,98.7,0,tick_col_outlier;auto_invalid_mat;ellipse_fit_poor
29,28,25.97,,,,,,,,,57.6,,,125.3,0,tick_col_outlier;auto_invalid_mat;ellipse_fit_poor
30,29,26.99,,,,,,,,,57.4,,,116.1,0,tick_col_outlier;auto_invalid_mat;ellipse_fit_poor
31,30,28.0,755.0,29.5,,,,,,,77.6,,,125.0,0,tick_col_outlier;visual_override;low_extrap;ellipse_fit_poor
32,31,29.01,,,,,,,,,91.4,,,120.1,0,tick_col_outlier;auto_invalid_mat;ellipse_fit_poor
33,32,30.02,,,,,,,,,97.2,,,110.0,0,tick_col_outlier;auto_invalid_mat;ellipse_fit_poor
34,33,31.04,,,,,,,,,36.6,,105.1,121.4,0,tick_col_outlier;estimator_spread>6px;auto_invalid_mat;ellipse_fit_poor
35,34,32.05,,,,,,,,,36.9,,,145.0,0,tick_col_outlier;auto_invalid_mat;ellipse_fit_poor
36,35,33.06,,,,,,,,,34.3,,,119.8,0,tick_col_outlier;auto_invalid_mat;ellipse_fit_poor
37,36,34.08,,,,,,,,,80.6,,,131.8,0,tick_col_outlier;auto_invalid_mat;ellipse_fit_poor
38,37,35.09,,,,,,,,,87.5,,,125.7,0,tick_col_outlier;auto_invalid_mat;ellipse_fit_poor
39,38,36.1,,,,,,,,,43.0,,101.2,120.0,0,tick_col_outlier;estimator_spread>6px;auto_invalid_mat;ellipse_fit_poor
40,39,37.11,,,,,,,,,20.0,,138.1,142.4,0,tick_col_outlier;auto_invalid_mat;ellipse_fit_poor
41,40,38.13,,,,,,,,,9.3,,,112.5,0,tick_col_outlier;auto_invalid_mat;ellipse_fit_poor
42,41,39.14,,,,,,,,,93.4,138.9,,125.2,0,estimator_spread>6px;auto_invalid_mat;ellipse_fit_poor
43,42,40.15,,,,,,,,,60.4,,144.9,132.7,0,tick_col_outlier;estimator_spread>6px;auto_invalid_mat;ellipse_fit_poor
44,43,41.17,,,,,,,,,48.5,,,124.9,0,tick_col_outlier;auto_invalid_mat;ellipse_fit_poor
45,44,42.18,,,,,,,,,100.6,,,133.7,0,tick_col_outlier;auto_invalid_mat;ellipse_fit_poor
46,45,43.19,752.0,31.5,,,,,,,80.5,,,138.2,0,tick_col_outlier;visual_override;low_extrap;ellipse_fit_poor
47,46,44.2,,,,,,,,,90.9,143.0,,130.6,0,estimator_spread>6px;auto_invalid_mat;ellipse_fit_poor
48,47,45.22,757.0,28.1,28.1,0.0,,,,,91.8,,150.3,123.7,0,tick_col_outlier;estimator_spread>6px;visual_override;low_extrap;ellipse_fit_poor
49,48,46.23,752.5,31.2,,,,,,,100.9,,,92.8,0,tick_col_outlier;visual_interp;low_extrap;ellipse_fit_poor
50,49,47.24,748.0,34.2,,,,,,,96.2,,,85.8,0,tick_col_outlier;visual_override;low_extrap;ellipse_fit_poor
51,50,48.26,744.5,36.6,,,,,,,85.9,,,83.9,0,tick_col_outlier;visual_interp;low_extrap;ellipse_fit_poor
52,51,49.27,741.0,39.0,,,,,,,74.3,,,151.2,0,tick_col_outlier;visual_override;low_extrap;ellipse_fit_poor
53,52,50.28,738.0,41.1,,,,,,,65.5,,,165.3,0,tick_col_outlier;visual_interp;low_extrap;ellipse_fit_poor
54,53,51.29,735.0,43.2,,,,,,,81.7,,,184.6,0,tick_col_outlier;visual_override;low_extrap;ellipse_fit_poor
55,54,52.31,731.0,45.9,,,,,,,91.3,,,138.4,0,tick_col_outlier;visual_interp;low_extrap;ellipse_fit_poor
56,55,53.32,727.0,48.6,,,,,,,85.8,,,145.5,0,tick_col_outlier;visual_override;low_extrap;ellipse_fit_poor
57,56,54.33,726.0,49.3,,,,,,,94.5,,,163.0,0,tick_col_outlier;visual_interp;low_extrap;ellipse_fit_poor
58,57,55.35,725.0,50.0,,,,,,,78.1,,,67.6,0,tick_col_outlier;visual_override;ellipse_fit_poor
59,58,56.36,724.0,50.7,,,,,,,76.3,,,76.7,0,tick_col_outlier;visual_interp;ellipse_fit_poor
60,59,57.37,723.0,51.4,,,,,,,86.8,,,87.9,0,tick_col_outlier;visual_override;ellipse_fit_poor
61,60,58.38,718.0,54.8,,,,,,,112.9,,,87.8,0,tick_col_outlier;visual_interp;ellipse_fit_poor
62,61,59.4,713.0,58.2,,,,,,,22.7,,,193.4,0,tick_col_outlier;visual_override;ellipse_fit_poor
63,62,60.41,711.5,59.2,,,,,,,81.2,,,107.5,0,tick_col_outlier;visual_interp;ellipse_fit_poor
64,63,61.42,710.0,60.3,,,,,,,,,,,0,visual_override
65,64,62.44,709.5,60.6,,,125.8,188.5,direct_3347,99.3,50.5,,,85.2,0,tick_col_outlier;visual_interp;ellipse_fit_poor
66,65,63.45,709.0,61.0,,,128.4,193.2,direct_3347,102.9,73.4,,,124.7,0,tick_col_outlier;visual_override;ellipse_fit_poor
67,66,64.46,707.0,62.3,,,129.7,194.5,direct_3347,102.9,69.4,,,102.9,0,tick_col_outlier;visual_interp;ellipse_fit_poor
68,67,65.47,705.0,63.7,,,131.5,196.8,direct_3347,103.7,19.3,,,82.7,0,tick_col_outlier;visual_override;ellipse_fit_poor
69,68,66.49,689.6,74.2,,,138.1,200.0,direct_3347,98.4,53.6,74.2,,93.8,0,estimator_spread>6px;ellipse_fit_poor
70,69,67.5,684.8,77.6,81.7,4.1,146.8,213.6,direct_3347,107.1,5.8,77.6,77.3,80.3,0,ok
71,70,68.51,680.0,80.8,,,148.4,213.6,direct_3347,104.7,3.9,80.8,,82.5,0,ok
72,71,69.53,676.0,83.6,88.4,4.8,149.7,213.6,direct_3347,102.7,6.6,83.6,83.2,85.4,0,ok
73,72,70.54,672.9,85.7,91.2,5.5,150.7,213.6,direct_3347,101.1,3.6,85.7,85.3,86.7,0,ok
74,73,71.55,669.0,88.4,93.8,5.5,151.9,213.6,direct_3347,99.1,5.1,88.4,88.2,90.5,0,ok
75,74,72.56,665.2,91.0,96.4,5.5,153.1,213.6,direct_3347,97.2,3.8,91.0,90.1,92.6,0,ok
76,75,73.58,661.2,93.7,99.9,6.2,154.4,213.6,direct_3347,95.1,4.2,93.7,92.4,95.3,0,ok
77,76,74.59,659.0,95.2,101.9,6.7,155.1,213.6,direct_3347,94.0,4.1,95.2,94.9,96.6,0,ok
78,77,75.6,652.9,99.4,99.4,0.0,157.4,214.2,direct_3347,91.4,4.7,99.4,96.9,99.0,0,ok
79,78,76.62,652.5,99.7,106.8,7.2,157.9,214.8,direct_3347,91.7,6.5,99.7,99.2,101.7,0,ok
80,79,77.63,652.5,99.7,105.5,5.9,158.8,216.7,direct_3347,93.2,6.0,99.7,102.2,102.1,0,ok
81,80,78.64,646.3,103.7,110.2,6.5,160.8,216.7,direct_3347,90.1,7.0,103.7,104.5,104.7,0,ok
82,81,79.65,642.4,106.3,112.8,6.5,162.7,217.9,direct_3347,89.1,8.7,106.3,107.3,106.3,0,ellipse_fit_poor
83,82,80.67,637.9,109.2,116.3,7.1,165.4,220.4,direct_3347,88.8,10.5,109.2,110.1,110.4,0,ellipse_fit_poor
84,83,81.68,633.4,112.1,118.6,6.5,167.8,222.2,direct_3347,88.1,11.6,112.1,114.1,115.0,0,ellipse_fit_poor
85,84,82.69,629.3,114.7,121.2,6.5,170.4,224.7,direct_3347,88.0,6.1,114.7,117.5,116.1,0,ok
86,85,83.71,625.8,117.0,123.5,6.5,172.5,226.5,direct_3347,87.7,4.6,117.0,120.3,119.7,0,ok
87,86,84.72,621.5,119.8,126.9,7.1,175.1,229.0,direct_3347,87.6,5.2,119.8,120.6,121.2,0,ok
88,87,85.73,617.2,122.6,130.4,7.8,177.5,230.9,direct_3347,87.0,3.4,122.6,123.3,124.5,0,ok
89,88,86.74,612.5,125.6,133.4,7.8,179.6,232.1,direct_3347,85.6,4.2,125.6,126.2,126.8,0,ok
90,89,87.76,608.4,128.3,136.8,8.4,180.6,231.5,direct_3347,82.9,4.1,128.3,128.5,129.7,0,ok
91,90,88.77,604.8,130.6,139.1,8.4,182.4,232.7,direct_3347,82.1,4.0,130.6,131.2,132.2,0,ok
92,91,89.78,601.2,133.0,140.7,7.8,183.3,232.1,direct_3347,79.8,4.1,133.0,135.2,134.5,0,ok
93,92,90.8,597.5,135.4,135.4,0.0,188.6,240.1,direct_3347,84.5,5.0,135.4,136.2,137.5,0,ok
94,93,91.81,593.4,138.0,146.5,8.4,190.9,242.0,direct_3347,84.0,5.0,138.0,140.1,139.1,0,ok
95,94,92.82,590.6,139.8,148.3,8.4,192.4,243.2,direct_3347,83.6,4.4,139.8,142.7,141.5,0,ok
96,95,93.83,587.3,142.0,150.4,8.4,194.8,245.7,direct_3347,83.9,5.2,142.0,145.2,144.0,0,ok
97,96,94.85,584.8,143.7,156.6,12.9,196.2,246.9,direct_3347,83.7,4.6,143.7,146.9,145.6,0,ok
98,97,95.86,581.8,145.6,145.6,0.0,197.8,248.1,direct_3347,83.2,4.5,145.6,149.3,147.4,0,ok
99,98,96.87,575.5,149.7,159.9,10.3,200.5,249.4,direct_3347,81.0,4.9,149.7,153.1,149.8,0,ok
100,99,97.89,576.2,149.2,160.1,10.9,200.3,249.4,direct_3347,81.3,4.6,149.2,155.6,151.2,0,estimator_spread>6px
101,100,98.9,569.8,153.3,166.1,12.8,202.5,250.0,direct_3347,78.6,4.0,153.3,158.1,154.6,0,estimator_spread>6px
102,101,99.91,564.8,156.6,166.8,10.3,206.2,254.1,direct_3347,79.6,7.6,156.6,161.3,155.6,0,estimator_spread>6px
103,102,100.92,559.2,160.1,172.3,12.2,211.0,260.0,direct_3347,81.9,8.3,160.1,164.5,160.6,0,estimator_spread>6px;ellipse_fit_poor
104,103,101.94,552.5,164.5,164.5,0.0,215.3,264.1,direct_3347,82.0,7.2,164.5,167.7,166.1,0,ok
105,104,102.95,545.8,168.8,183.5,14.7,217.1,263.5,direct_3347,78.0,4.7,168.8,169.5,169.8,0,ok
106,105,103.96,540.0,172.4,187.2,14.7,217.0,260.0,direct_3347,72.0,5.6,172.4,172.9,172.3,7,ok
107,106,104.98,533.8,176.4,193.7,17.3,224.1,270.0,direct_3347,77.5,5.3,176.3,176.4,177.3,27,tick_col_wire;median3
108,107,105.99,528.3,179.9,193.4,13.5,224.0,266.5,direct_3347,71.7,4.7,179.6,180.5,179.9,67,tick_col_wire;median3
109,108,107.0,522.8,183.5,197.6,14.1,227.2,269.4,direct_3347,71.4,5.6,184.8,183.5,183.3,126,tick_col_wire;median3
110,109,108.01,516.4,187.5,189.5,1.9,230.1,271.2,direct_3347,69.7,6.6,189.1,187.5,185.2,131,tick_col_wire;median3
111,110,109.03,511.7,190.6,190.6,0.0,235.0,277.6,direct_3347,72.9,4.2,191.5,190.6,190.4,142,tick_col_wire;median3
112,111,110.04,506.1,194.1,194.1,0.0,237.3,278.8,direct_3347,71.1,6.1,194.8,194.1,192.1,145,tick_col_wire;median3
113,112,111.05,501.6,197.1,197.1,0.0,239.3,280.0,direct_3347,69.8,6.7,198.9,197.1,193.4,170,tick_col_wire;median3
114,113,112.07,498.2,199.2,199.2,0.0,241.6,282.4,direct_3347,70.1,7.2,199.2,199.3,194.9,156,tick_col_wire;median3;estimator_spread>6px
115,114,113.08,492.0,203.1,213.6,10.5,245.1,285.3,direct_3347,69.5,5.4,203.1,203.3,197.9,170,tick_col_wire;median3;estimator_spread>6px
116,115,114.09,489.7,204.5,204.5,0.0,247.3,288.2,direct_3347,70.9,6.0,204.9,204.5,199.2,137,tick_col_wire;median3;estimator_spread>6px
117,116,115.1,490.1,204.2,204.2,0.0,248.1,290.0,direct_3347,72.6,8.3,205.4,204.2,200.6,98,tick_col_wire;median3;ellipse_fit_poor
118,117,116.12,485.2,207.3,207.3,0.0,250.8,292.4,direct_3347,72.1,8.5,207.3,207.7,202.7,75,tick_col_wire;median3;estimator_spread>6px;ellipse_fit_poor
119,118,117.13,484.2,207.9,207.9,0.0,250.5,291.2,direct_3347,70.6,10.3,209.2,207.9,203.1,80,tick_col_wire;median3;estimator_spread>6px;ellipse_fit_poor
120,119,118.14,481.1,209.8,209.8,0.0,252.0,292.4,direct_3347,70.0,11.2,212.0,209.8,205.7,43,tick_col_wire;median3;estimator_spread>6px;ellipse_fit_poor
121,120,119.16,477.4,212.1,212.1,0.0,254.0,294.1,direct_3347,69.7,8.6,214.7,212.1,211.4,20,tick_col_wire;median3;ellipse_fit_poor
122,121,120.17,470.9,216.1,216.1,0.0,258.0,298.2,direct_3347,69.9,4.7,218.3,214.9,216.1,22,tick_col_wire;median3
123,122,121.18,466.0,219.1,219.1,0.0,262.1,303.4,direct_3347,72.0,5.9,222.2,217.6,219.1,54,tick_col_wire;median3
124,123,122.19,461.1,222.2,246.2,24.1,264.7,305.7,direct_3347,71.6,7.1,226.0,221.3,222.2,102,tick_col_wire;median3
125,124,123.21,453.0,227.2,248.1,21.0,267.4,306.3,direct_3347,67.9,6.9,229.8,225.2,227.2,142,tick_col_wire;median3
126,125,124.22,448.9,229.7,229.7,0.0,273.9,316.7,direct_3347,75.0,7.2,232.8,228.8,229.7,143,tick_col_wire;median3
127,126,125.23,441.1,234.5,255.8,21.3,280.9,325.9,direct_3347,79.2,7.6,236.0,232.8,234.5,167,tick_col_wire;median3
128,127,126.25,437.3,236.8,236.8,0.0,278.7,319.5,direct_3347,71.7,8.3,238.9,235.2,236.8,143,tick_col_wire;median3;ellipse_fit_poor
129,128,127.26,431.5,240.4,240.4,0.0,276.0,310.9,direct_3347,61.0,4.7,240.6,238.7,240.4,80,tick_col_wire;median3
130,129,128.27,429.6,241.6,241.6,0.0,280.1,317.8,direct_3347,66.2,5.5,244.3,240.3,241.6,23,tick_col_wire;median3
131,130,129.28,419.8,247.6,247.6,0.0,283.9,319.5,direct_3347,62.7,6.4,247.6,243.8,244.7,6,estimator_spread>6px
132,131,130.3,415.7,250.2,250.2,0.0,284.5,318.4,direct_3347,59.6,5.6,250.2,247.5,248.0,3,ok
133,132,131.31,413.2,251.7,251.7,0.0,287.0,321.8,direct_3347,61.4,6.8,251.7,249.8,250.2,0,ok
134,133,132.32,407.6,254.9,254.9,0.0,291.0,326.4,direct_3347,62.6,6.7,254.9,254.2,251.8,0,ok
135,134,133.34,403.1,257.6,257.6,0.0,290.3,322.4,direct_3347,56.8,7.5,257.6,256.2,254.5,0,ok
136,135,134.35,399.6,259.6,259.6,0.0,292.2,324.1,direct_3347,56.5,8.6,259.6,258.9,257.2,0,ellipse_fit_poor
137,136,135.36,395.9,261.8,261.8,0.0,294.5,326.4,direct_3347,56.6,7.8,261.8,261.2,260.8,0,ok
138,137,136.37,391.7,264.3,264.3,0.0,298.9,332.8,direct_3347,60.1,5.9,264.3,263.7,264.2,0,ok
139,138,137.39,388.2,266.4,266.4,0.0,301.1,335.1,direct_3347,60.4,6.9,266.4,265.8,266.0,0,ok
140,139,138.4,383.9,268.9,268.9,0.0,303.2,336.8,direct_3347,59.7,5.8,268.9,267.9,268.4,0,ok
141,140,139.41,380.4,271.0,271.0,0.0,302.8,333.9,direct_3347,55.3,7.8,271.0,271.7,270.7,0,ok
142,141,140.43,377.1,272.9,272.9,0.0,304.3,335.1,direct_3347,54.7,7.1,272.9,272.9,274.3,0,ok
143,142,141.44,373.4,275.0,275.0,0.0,306.2,336.8,direct_3347,54.4,8.2,275.0,275.3,273.2,0,ellipse_fit_poor
144,143,142.45,372.9,275.3,275.3,0.0,309.8,343.7,direct_3347,60.2,8.6,275.3,276.9,277.4,0,ellipse_fit_poor
145,144,143.46,367.0,278.8,278.8,0.0,307.5,335.6,direct_3347,50.1,8.4,278.8,278.3,278.6,0,ellipse_fit_poor
146,145,144.48,368.4,278.0,278.0,0.0,307.6,336.8,direct_3347,51.8,9.2,278.0,274.8,276.0,0,ellipse_fit_poor
147,146,145.49,365.4,279.7,279.7,0.0,308.2,336.2,direct_3347,49.8,8.1,279.7,274.9,277.0,0,estimator_spread>6px;ellipse_fit_poor
148,147,146.5,366.1,279.3,279.3,0.0,308.3,336.8,direct_3347,50.6,9.0,279.3,274.3,276.0,0,estimator_spread>6px;ellipse_fit_poor
149,148,147.52,364.3,280.4,280.4,0.0,308.5,336.2,direct_3347,49.2,8.1,280.4,275.0,275.8,0,estimator_spread>6px;ellipse_fit_poor
150,149,148.53,363.8,280.7,280.7,0.0,309.2,337.4,direct_3347,50.0,7.7,280.7,275.1,276.1,0,estimator_spread>6px
151,150,149.54,364.6,280.3,280.3,0.0,309.0,337.4,direct_3347,50.3,7.6,280.3,275.1,277.2,0,estimator_spread>6px
