frame,video_t_s,scale_timer_s,timer_model_s,timer_running,poured_g,dW_dt_gps,pouring,T_upper_server_C,T_lower_outflow_C,scale_flag,lcd_flag
1,0.0,,,False,0.0,,,24.4,24.2,,
2,1.467,,,False,0.0,,,24.4,24.2,,
3,2.467,,,False,0.0,,,24.4,24.2,,
4,3.467,,-0.06,False,0.0,,,24.4,24.2,,
5,4.467,0,0.95,True,6.6,6.6,1,24.4,24.2,,
6,5.467,1,1.97,True,13.4,6.8,1,24.5,24.3,,
7,6.467,2,2.99,True,19.5,6.1,1,24.5,24.2,,
8,7.467,4,4.01,True,25.6,6.1,1,24.5,24.2,,
9,8.467,5,5.03,True,32.7,7.1,1,24.5,57.8,,L ghost (first reading after jump)
10,9.467,6,6.05,True,39.2,6.5,1,24.5,55.1,,L tenths ghost (1|7)
11,10.467,7,7.07,True,42.9,3.7,1,24.6,58.6,,
12,11.467,8,8.09,True,42.8,-0.1,0,33.8,60.4,,U ghost (3|7 in tens/ones)
13,12.467,9,9.11,True,42.8,0.0,0,49.8,68.9,,U ghost: tens digit shows 9-shape (4 + fading 3); 43.8|49.8
14,13.467,10,10.12,True,42.8,0.0,0,47.8,58.5,,
15,14.467,11,11.14,True,42.8,0.0,0,48.0,60.3,,L tenths ghost (3|7)
16,15.467,12,12.16,True,42.8,0.0,0,47.6,64.5,,
17,16.467,13,13.18,True,42.8,0.0,0,46.0,70.0,,
18,17.467,14,14.2,True,42.8,0.0,0,45.9,73.9,,
19,18.467,15,15.22,True,42.8,0.0,0,45.4,73.8,,U tenths ghost (4|9)
20,19.467,16,16.24,True,42.8,0.0,0,45.8,74.7,,U tenths ghost (8|0); L tenths ghost (3|7)
21,20.467,17,17.26,True,42.8,0.0,0,44.6,74.7,,
22,21.467,18,18.27,True,42.8,0.0,0,44.6,75.9,,
23,22.467,19,19.29,True,42.8,0.0,0,44.8,76.2,,
24,23.467,20,20.31,True,42.8,0.0,0,45.8,76.8,,U tenths ghost (8|0)
25,24.467,21,21.33,True,42.8,0.0,0,45.6,76.9,,U tenths ghost (5|6)
26,25.467,22,22.35,True,42.8,0.0,0,45.8,77.3,,L tenths ghost (3|7)
27,26.467,23,23.37,True,42.8,0.0,0,46.1,77.3,,U tenths ghost (1|4)
28,27.467,24,24.39,True,42.8,0.0,0,46.3,77.2,,
29,28.467,25,25.41,True,42.8,0.0,0,46.7,77.2,,
30,29.467,26,26.43,True,42.8,0.0,0,48.8,77.3,,U tens ghost (9-shape read as 4)
31,30.467,27,27.44,True,42.8,0.0,0,51.8,76.8,,U ghost (ones 1 over fading 6; tenths 8|9)
32,31.467,28,28.46,True,42.8,0.0,0,51.6,76.6,,
33,32.467,29,29.48,True,42.8,0.0,0,51.3,76.3,,L tenths ghost (3|9)
34,33.467,30,30.5,True,42.8,0.0,0,50.3,75.9,,
35,34.467,31,31.52,True,42.8,0.0,0,50.4,75.9,,
36,35.467,32,32.54,True,42.8,0.0,0,50.4,75.8,,L tenths ghost (8|0)
37,36.467,33,33.56,True,42.8,0.0,0,50.5,74.7,,
38,37.467,34,34.58,True,46.4,3.6,1,50.8,72.3,,L ghost (72.3|72.7)
39,38.467,35,35.6,True,52.2,5.8,1,50.8,74.1,,
40,39.467,36,36.61,True,58.3,6.1,1,50.7,75.9,,U tenths ghost (7|1)
41,40.467,37,37.63,True,66.1,7.8,1,51.2,76.8,,U tenths ghost (2|8); L ghost (76.8|78.8|76.1)
42,41.467,38,38.65,True,73.8,7.7,1,51.6,74.8,,L ghost
43,42.467,39,39.67,True,80.6,6.8,1,51.7,76.8,,L ghost
44,43.467,40,40.69,True,87.5,6.9,1,51.8,77.1,uncertain:occluded digit (7|1) resolved by monotonic rate,
45,44.467,41,41.71,True,93.5,6.0,1,51.7,76.7,,L tenths ghost (7|4)
46,45.467,42,42.73,True,100.0,6.5,1,51.8,76.9,,
47,46.467,43,43.75,True,103.5,3.5,1,56.9,76.7,,U ones ghost (6|8)
48,47.467,44,44.76,True,103.5,0.0,0,59.6,77.7,,
49,48.467,45,45.78,True,103.5,0.0,0,59.5,78.9,,
50,49.467,46,46.8,True,103.5,0.0,0,60.9,79.3,,L tenths ghost (3|7)
51,50.467,47,47.82,True,103.5,0.0,0,60.6,81.3,,
52,51.467,48,48.84,True,103.5,0.0,0,60.8,81.8,,
53,52.467,49,49.86,True,103.4,-0.1,0,59.4,82.2,,U transition frame 60.8->59.x (ghost 6/8); L tenths ghost
54,53.467,50,50.88,True,103.5,0.1,0,59.3,82.6,,
55,54.467,51,51.9,True,103.4,-0.1,0,59.3,82.9,,
56,55.467,52,52.92,True,103.4,0.0,0,60.9,83.0,,L tenths ghost (0|8)
57,56.467,53,53.93,True,103.4,0.0,0,62.9,83.2,,
58,57.467,54,54.95,True,103.4,0.0,0,63.3,83.6,,
59,58.467,55,55.97,True,103.4,0.0,0,63.6,84.8,,L ghost (84.8|84.0)
60,59.467,56,56.99,True,103.4,0.0,0,62.8,83.9,,L ghost (83.9|84.9)
61,60.467,58,58.01,True,106.4,3.0,1,62.2,83.9,,
62,61.467,59,59.03,True,113.8,7.4,1,62.5,84.7,,
63,62.467,60,60.05,True,123.5,9.7,1,62.7,84.7,,
64,63.467,61,61.07,True,131.4,7.9,1,62.4,85.8,uncertain:occluded digit (1|7) resolved by smooth rate,U ones transition ghost; L tenths ghost (8|0)
65,64.467,62,62.09,True,138.3,6.9,1,61.9,85.8,uncertain:occluded digit (8|6|0),L ghost
66,65.467,63,63.1,True,148.3,10.0,1,61.3,84.6,,
67,66.467,64,64.12,True,155.1,6.8,1,61.3,84.6,,
68,67.467,65,65.14,True,159.6,4.5,1,61.7,84.7,,L tenths ghost (7|3)
69,68.467,66,66.16,True,159.6,0.0,0,63.3,83.9,,
70,69.467,67,67.18,True,159.6,0.0,0,64.8,84.8,,U ones ghost (9-shape read as 4 with fading 3)
71,70.467,68,68.2,True,159.6,0.0,0,66.5,84.4,,
72,71.467,69,69.22,True,159.6,0.0,0,66.9,84.8,,
73,72.467,70,70.24,True,159.6,0.0,0,68.2,85.0,,L tenths ghost (0|8)
74,73.467,71,71.25,True,159.5,-0.1,0,68.1,85.2,,
75,74.467,72,72.27,True,159.6,0.1,0,68.8,85.8,,
76,75.467,73,73.29,True,159.6,0.0,0,65.9,85.9,,
77,76.467,74,74.31,True,159.5,-0.1,0,65.4,85.2,,L tenths ghost
78,77.467,75,75.33,True,159.5,0.0,0,65.4,86.6,,
79,78.467,76,76.35,True,159.5,0.0,0,65.9,85.9,,
80,79.467,77,77.37,True,159.5,0.0,0,67.6,87.1,,U ones ghost (7|1); L ghost
81,80.467,78,78.39,True,168.8,9.3,1,68.8,87.2,uncertain:occluded digit; glyph shows lower-left+top-right segments -> 8 (controller read 163.8),L tenths ghost
82,81.467,79,79.41,True,170.1,1.3,1,68.6,87.0,,L tenths ghost (0|8)
83,82.467,80,80.42,True,178.4,8.3,1,68.5,87.1,,L tenths ghost (1|4)
84,83.467,81,81.44,True,187.1,8.7,1,68.3,87.3,uncertain:occluded digit (7|1) resolved by smooth rate,
85,84.467,82,82.46,True,195.2,8.1,1,66.0,87.4,,U tenths ghost (0|8); L tenths ghost (4|1)
86,85.467,83,83.48,True,202.2,7.0,1,65.8,86.9,,
87,86.467,84,84.5,True,211.5,9.3,1,65.5,86.9,uncertain:occluded digit (1|7) resolved by smooth rate,
88,87.467,85,85.52,True,217.9,6.4,1,65.9,87.8,uncertain:occluded digit (7|1) resolved by smooth rate,L tenths ghost (8|0)
89,88.467,86,86.54,True,218.8,0.9,1,65.8,86.9,,
90,89.467,87,87.56,True,218.8,0.0,0,65.9,87.8,,L tenths ghost (8|0)
91,90.467,88,88.58,True,218.8,0.0,0,65.8,86.9,,
92,91.467,89,89.59,True,218.8,0.0,0,68.7,86.9,,U tenths ghost (7|1)
93,92.467,90,90.61,True,218.8,0.0,0,68.6,87.8,,L tenths ghost (8|0)
94,93.467,91,91.63,True,218.7,-0.1,0,68.8,87.3,,
95,94.467,92,92.65,True,218.8,0.1,0,68.8,87.2,,
96,95.467,93,93.67,True,218.8,0.0,0,68.8,87.2,,
97,96.467,94,94.69,True,218.7,-0.1,0,68.9,87.5,,
98,97.467,95,95.71,True,218.8,0.1,0,69.1,87.8,,
99,98.467,96,96.73,True,218.7,-0.1,0,69.8,88.1,,U tenths ghost (8|0); L tenths ghost (1|4)
100,99.467,97,97.74,True,218.7,0.0,0,69.6,88.4,,U tenths ghost (6|5); L tenths ghost (4|9)
101,100.467,98,98.76,True,218.7,0.0,0,70.6,88.4,,
102,101.467,99,99.78,True,218.7,0.0,0,70.8,88.5,,L tenths ghost (5|9)
103,102.467,100,100.8,True,218.7,0.0,0,70.9,88.5,,
104,103.467,101,101.82,True,229.3,10.6,1,71.1,88.8,uncertain:occluded digit (9|3) resolved by smooth rate,U tenths ghost (1|7); L tenths ghost (8|6)
105,104.467,102,102.84,True,237.6,8.3,1,70.8,88.4,uncertain:occluded digit (7|1) resolved by smooth rate,
106,105.467,103,103.86,True,247.9,10.3,1,69.9,88.4,uncertain:occluded digit (7|1) resolved by smooth rate,
107,106.467,104,104.88,True,255.7,7.8,1,69.6,88.6,uncertain:occluded digit (5|9) resolved by smooth rate,
108,107.467,105,105.9,True,263.4,7.7,1,69.5,88.8,,L tenths ghost (8|0)
109,108.467,106,106.91,True,272.1,8.7,1,69.8,88.6,,
110,109.467,107,107.93,True,280.0,7.9,1,70.1,88.6,,
111,110.467,108,108.95,True,288.2,8.2,1,70.9,88.8,,L tenths ghost
112,111.467,109,109.97,True,295.4,7.2,1,71.8,88.7,,U ones ghost (1 over fading 0)
113,112.467,110,110.99,True,302.0,6.6,1,71.9,87.9,,U tenths ghost (9|8); L ones ghost (7|8)
114,113.467,112,112.01,True,303.0,1.0,1,73.5,87.8,uncertain:timer last digit in transition (1|2),
115,114.467,113,113.03,True,302.9,-0.1,0,73.5,87.6,,
116,115.467,114,114.05,True,302.9,0.0,0,73.8,87.9,,
117,116.467,115,115.07,True,302.9,0.0,0,73.8,87.4,,U ones ghost (3|4)
118,117.467,116,116.08,True,302.9,0.0,0,74.4,87.4,,
119,118.467,117,117.1,True,302.8,-0.1,0,74.5,87.5,,
120,119.467,118,118.12,True,302.8,0.0,0,74.6,87.7,,
121,120.467,119,119.14,True,302.9,0.1,0,74.6,87.8,,
122,121.467,120,120.16,True,302.8,-0.1,0,74.8,87.9,,
123,122.467,121,121.18,True,302.8,0.0,0,74.9,88.0,,L tenths ghost (0|8)
124,123.467,122,122.2,True,302.8,0.0,0,74.8,88.2,,L ghost
125,124.467,123,123.22,True,302.8,0.0,0,74.6,88.3,,L tenths ghost (3|7)
126,125.467,124,124.24,True,302.8,0.0,0,74.7,88.5,,L tenths ghost (5|9)
127,126.467,125,125.25,True,302.8,0.0,0,74.9,88.6,,
128,127.467,126,126.27,True,302.8,0.0,0,74.8,88.8,,U ones ghost (4 read; 9-shape)
129,128.467,127,127.29,True,302.8,0.0,0,75.8,88.7,,U tenths ghost (8|0)
130,129.467,128,128.31,True,302.8,0.0,0,75.2,88.7,,
131,130.467,129,129.33,True,,,,75.1,88.7,unreadable:weight occluded by hand (shows 26x transient),
132,131.467,129,130.35,False,302.7,,,74.9,86.9,timer stopped,L falling (flow ended)
133,132.467,,,False,,,,75.0,66.2,unreadable:display blank (blinking after timer stop),L falling fast; digits ghosted
134,133.467,129,132.39,False,302.7,,,75.0,58.9,timer stopped,L falling fast; first digit (5|6) ghost
135,134.467,,,False,,,,75.0,59.7,unreadable:display blank (blinking after timer stop),L ghost (rebound or misread)
136,135.467,129,134.42,False,302.7,,,75.1,56.8,timer stopped,
137,136.467,,,False,,,,75.2,55.6,unreadable:display blank (blinking after timer stop),
