dose_g,roast,grinder,grinder_setting,bed_height_cm,brew_temp_C,final_coffee_temp_C,final_tds_pct,ambient_temp_C,dripper_mass_g,dripper_cp_J_gK,lambda_liquid_dripper,lambda_dripper_ambient,lambda_server_ambient,time_base,source,final_coffee_temp_source,scale_timer_rate_b,dripper_removed_time_s,time_mmss,time_s,scale_timer_s,poured_weight_g,drained_volume_ml,drained_sigma_ml,drained_quality,foam_thickness_ml,server_temp_C,outflow_temp_C,temp_flag,phase,use_for_fit,notes
20,light,Kinu,27,5.3,92.0,72.3,1.19,23.0,123.5,0.88,0.02,0.004,0.0,real_s,video:IMG_3347,"video:IMG_3347 server_temp_C median of frames 146,149,150 (t=142.7-146.7 s)",1.01890,140.71,00:00,0,0.000,0.0,0.0,15.0,not_visible_interp,,23.5,24.5,,pour,0,level not visible; interpolated (not in fit)
20,light,Kinu,27,5.3,92.0,72.3,1.19,23.0,123.5,0.88,0.02,0.004,0.0,real_s,video:IMG_3347,"video:IMG_3347 server_temp_C median of frames 146,149,150 (t=142.7-146.7 s)",1.01890,140.71,00:01,1,1.019,5.6,1.1,15.0,not_visible_interp,,23.5,24.5,,pour,0,level not visible; interpolated (not in fit)
20,light,Kinu,27,5.3,92.0,72.3,1.19,23.0,123.5,0.88,0.02,0.004,0.0,real_s,video:IMG_3347,"video:IMG_3347 server_temp_C median of frames 146,149,150 (t=142.7-146.7 s)",1.01890,140.71,00:02,2,2.038,10.8,2.1,15.0,not_visible_interp,,23.5,24.5,,pour,0,level not visible; interpolated (not in fit)
20,light,Kinu,27,5.3,92.0,72.3,1.19,23.0,123.5,0.88,0.02,0.004,0.0,real_s,video:IMG_3347,"video:IMG_3347 server_temp_C median of frames 146,149,150 (t=142.7-146.7 s)",1.01890,140.71,00:03,3,3.057,16.7,3.2,15.0,not_visible_interp,,23.5,24.5,,pour,0,level not visible; interpolated (not in fit)
20,light,Kinu,27,5.3,92.0,72.3,1.19,23.0,123.5,0.88,0.02,0.004,0.0,real_s,video:IMG_3347,"video:IMG_3347 server_temp_C median of frames 146,149,150 (t=142.7-146.7 s)",1.01890,140.71,00:04,4,4.076,23.4,4.3,15.0,not_visible_interp,,23.5,24.5,,pour,0,level not visible; interpolated (not in fit)
20,light,Kinu,27,5.3,92.0,72.3,1.19,23.0,123.5,0.88,0.02,0.004,0.0,real_s,video:IMG_3347,"video:IMG_3347 server_temp_C median of frames 146,149,150 (t=142.7-146.7 s)",1.01890,140.71,00:05,5,5.094,30.3,5.3,15.0,not_visible_interp,,23.5,24.5,,pour,0,level not visible; interpolated (not in fit)
20,light,Kinu,27,5.3,92.0,72.3,1.19,23.0,123.5,0.88,0.02,0.004,0.0,real_s,video:IMG_3347,"video:IMG_3347 server_temp_C median of frames 146,149,150 (t=142.7-146.7 s)",1.01890,140.71,00:06,6,6.113,35.5,6.4,15.0,not_visible_interp,,23.5,24.5,,pour,0,level not visible; interpolated (not in fit)
20,light,Kinu,27,5.3,92.0,72.3,1.19,23.0,123.5,0.88,0.02,0.004,0.0,real_s,video:IMG_3347,"video:IMG_3347 server_temp_C median of frames 146,149,150 (t=142.7-146.7 s)",1.01890,140.71,00:07,7,7.132,39.2,7.5,15.0,not_visible_interp,,23.5,42.0,L ghost (first reading after jump),pour,0,level not visible; interpolated (not in fit)
20,light,Kinu,27,5.3,92.0,72.3,1.19,23.0,123.5,0.88,0.02,0.004,0.0,real_s,video:IMG_3347,"video:IMG_3347 server_temp_C median of frames 146,149,150 (t=142.7-146.7 s)",1.01890,140.71,00:08,8,8.151,39.2,8.5,15.0,not_visible_interp,,23.5,44.4,L tens ghost (9-shape read as 4),pause,0,level not visible; interpolated (not in fit)
20,light,Kinu,27,5.3,92.0,72.3,1.19,23.0,123.5,0.88,0.02,0.004,0.0,real_s,video:IMG_3347,"video:IMG_3347 server_temp_C median of frames 146,149,150 (t=142.7-146.7 s)",1.01890,140.71,00:09,9,9.170,39.2,9.6,15.0,not_visible_interp,,23.5,45.4,L ones ghost (4|5),pause,0,level not visible; interpolated (not in fit)
20,light,Kinu,27,5.3,92.0,72.3,1.19,23.0,123.5,0.88,0.02,0.004,0.0,real_s,video:IMG_3347,"video:IMG_3347 server_temp_C median of frames 146,149,150 (t=142.7-146.7 s)",1.01890,140.71,00:10,10,10.189,39.2,10.6,15.0,not_visible_interp,,23.6,46.9,,pause,0,level not visible; interpolated (not in fit)
20,light,Kinu,27,5.3,92.0,72.3,1.19,23.0,123.5,0.88,0.02,0.004,0.0,real_s,video:IMG_3347,"video:IMG_3347 server_temp_C median of frames 146,149,150 (t=142.7-146.7 s)",1.01890,140.71,00:11,11,11.208,39.2,11.7,15.0,not_visible_interp,,23.6,47.2,,pause,0,level not visible; interpolated (not in fit)
20,light,Kinu,27,5.3,92.0,72.3,1.19,23.0,123.5,0.88,0.02,0.004,0.0,real_s,video:IMG_3347,"video:IMG_3347 server_temp_C median of frames 146,149,150 (t=142.7-146.7 s)",1.01890,140.71,00:12,12,12.227,39.2,12.8,15.0,not_visible_interp,,23.7,48.9,U tenths ghost (7|1); L tenths ghost (9|4),pause,0,level not visible; interpolated (not in fit)
20,light,Kinu,27,5.3,92.0,72.3,1.19,23.0,123.5,0.88,0.02,0.004,0.0,real_s,video:IMG_3347,"video:IMG_3347 server_temp_C median of frames 146,149,150 (t=142.7-146.7 s)",1.01890,140.71,00:13,13,13.246,39.2,13.8,15.0,not_visible_interp,,35.1,49.4,U first reading after jump; ghost,pause,0,level not visible; interpolated (not in fit)
20,light,Kinu,27,5.3,92.0,72.3,1.19,23.0,123.5,0.88,0.02,0.004,0.0,real_s,video:IMG_3347,"video:IMG_3347 server_temp_C median of frames 146,149,150 (t=142.7-146.7 s)",1.01890,140.71,00:14,14,14.265,39.2,14.9,15.0,not_visible_interp,,38.6,49.8,L tens ghost (9-shape read as 4),pause,0,level not visible; interpolated (not in fit)
20,light,Kinu,27,5.3,92.0,72.3,1.19,23.0,123.5,0.88,0.02,0.004,0.0,real_s,video:IMG_3347,"video:IMG_3347 server_temp_C median of frames 146,149,150 (t=142.7-146.7 s)",1.01890,140.71,00:15,15,15.283,39.2,16.0,15.0,not_visible_interp,,38.7,50.2,U tenths ghost,pause,0,level not visible; interpolated (not in fit)
20,light,Kinu,27,5.3,92.0,72.3,1.19,23.0,123.5,0.88,0.02,0.004,0.0,real_s,video:IMG_3347,"video:IMG_3347 server_temp_C median of frames 146,149,150 (t=142.7-146.7 s)",1.01890,140.71,00:16,16,16.302,39.2,17.0,15.0,not_visible_interp,,38.6,51.7,L tenths ghost (7|3),pause,0,level not visible; interpolated (not in fit)
20,light,Kinu,27,5.3,92.0,72.3,1.19,23.0,123.5,0.88,0.02,0.004,0.0,real_s,video:IMG_3347,"video:IMG_3347 server_temp_C median of frames 146,149,150 (t=142.7-146.7 s)",1.01890,140.71,00:17,17,17.321,39.2,18.1,15.0,not_visible_interp,,38.6,51.7,,pause,0,level not visible; interpolated (not in fit)
20,light,Kinu,27,5.3,92.0,72.3,1.19,23.0,123.5,0.88,0.02,0.004,0.0,real_s,video:IMG_3347,"video:IMG_3347 server_temp_C median of frames 146,149,150 (t=142.7-146.7 s)",1.01890,140.71,00:18,18,18.340,39.2,19.2,15.0,not_visible_interp,,38.4,54.1,,pause,0,level not visible; interpolated (not in fit)
20,light,Kinu,27,5.3,92.0,72.3,1.19,23.0,123.5,0.88,0.02,0.004,0.0,real_s,video:IMG_3347,"video:IMG_3347 server_temp_C median of frames 146,149,150 (t=142.7-146.7 s)",1.01890,140.71,00:19,19,19.359,39.2,20.2,15.0,not_visible_interp,,38.4,54.5,,pause,0,level not visible; interpolated (not in fit)
20,light,Kinu,27,5.3,92.0,72.3,1.19,23.0,123.5,0.88,0.02,0.004,0.0,real_s,video:IMG_3347,"video:IMG_3347 server_temp_C median of frames 146,149,150 (t=142.7-146.7 s)",1.01890,140.71,00:20,20,20.378,39.2,21.3,15.0,not_visible_interp,,38.4,54.4,L ones ghost (4|9),pause,0,level not visible; interpolated (not in fit)
20,light,Kinu,27,5.3,92.0,72.3,1.19,23.0,123.5,0.88,0.02,0.004,0.0,real_s,video:IMG_3347,"video:IMG_3347 server_temp_C median of frames 146,149,150 (t=142.7-146.7 s)",1.01890,140.71,00:21,21,21.397,39.2,22.4,15.0,not_visible_interp,,38.3,56.0,L tenths ghost (0|8),pause,0,level not visible; interpolated (not in fit)
20,light,Kinu,27,5.3,92.0,72.3,1.19,23.0,123.5,0.88,0.02,0.004,0.0,real_s,video:IMG_3347,"video:IMG_3347 server_temp_C median of frames 146,149,150 (t=142.7-146.7 s)",1.01890,140.71,00:22,22,22.416,39.2,23.4,15.0,not_visible_interp,,38.1,57.3,,pause,0,level not visible; interpolated (not in fit)
20,light,Kinu,27,5.3,92.0,72.3,1.19,23.0,123.5,0.88,0.02,0.004,0.0,real_s,video:IMG_3347,"video:IMG_3347 server_temp_C median of frames 146,149,150 (t=142.7-146.7 s)",1.01890,140.71,00:23,23,23.435,39.2,24.5,15.0,not_visible_interp,,38.2,57.6,,pause,0,level not visible; interpolated (not in fit)
20,light,Kinu,27,5.3,92.0,72.3,1.19,23.0,123.5,0.88,0.02,0.004,0.0,real_s,video:IMG_3347,"video:IMG_3347 server_temp_C median of frames 146,149,150 (t=142.7-146.7 s)",1.01890,140.71,00:24,24,24.454,39.2,25.5,15.0,not_visible_interp,,41.2,58.7,,pause,0,level not visible; interpolated (not in fit)
20,light,Kinu,27,5.3,92.0,72.3,1.19,23.0,123.5,0.88,0.02,0.004,0.0,real_s,video:IMG_3347,"video:IMG_3347 server_temp_C median of frames 146,149,150 (t=142.7-146.7 s)",1.01890,140.71,00:25,25,25.472,39.2,26.6,15.0,not_visible_interp,,43.3,59.9,U ones ghost (0|3|8); L ones ghost (9|4),pause,0,level not visible; interpolated (not in fit)
20,light,Kinu,27,5.3,92.0,72.3,1.19,23.0,123.5,0.88,0.02,0.004,0.0,real_s,video:IMG_3347,"video:IMG_3347 server_temp_C median of frames 146,149,150 (t=142.7-146.7 s)",1.01890,140.71,00:26,26,26.491,39.2,27.7,15.0,not_visible_interp,,44.5,59.9,,pause,0,level not visible; interpolated (not in fit)
20,light,Kinu,27,5.3,92.0,72.3,1.19,23.0,123.5,0.88,0.02,0.004,0.0,real_s,video:IMG_3347,"video:IMG_3347 server_temp_C median of frames 146,149,150 (t=142.7-146.7 s)",1.01890,140.71,00:27,27,27.510,39.2,28.7,15.0,not_visible_interp,,44.8,60.7,U tenths ghost (8|6),pause,0,level not visible; interpolated (not in fit)
20,light,Kinu,27,5.3,92.0,72.3,1.19,23.0,123.5,0.88,0.02,0.004,0.0,real_s,video:IMG_3347,"video:IMG_3347 server_temp_C median of frames 146,149,150 (t=142.7-146.7 s)",1.01890,140.71,00:28,28,28.529,39.2,29.5,15.0,not_visible_interp,,44.8,60.7,,pause,0,level not visible; interpolated (not in fit)
20,light,Kinu,27,5.3,92.0,72.3,1.19,23.0,123.5,0.88,0.02,0.004,0.0,real_s,video:IMG_3347,"video:IMG_3347 server_temp_C median of frames 146,149,150 (t=142.7-146.7 s)",1.01890,140.71,00:29,29,29.548,39.2,29.5,15.0,not_visible_interp,,44.7,61.1,,pause,0,level not visible; interpolated (not in fit)
20,light,Kinu,27,5.3,92.0,72.3,1.19,23.0,123.5,0.88,0.02,0.004,0.0,real_s,video:IMG_3347,"video:IMG_3347 server_temp_C median of frames 146,149,150 (t=142.7-146.7 s)",1.01890,140.71,00:30,30,30.567,39.2,29.5,15.0,not_visible_interp,,44.5,61.7,L tenths ghost (7|3),pause,0,level not visible; interpolated (not in fit)
20,light,Kinu,27,5.3,92.0,72.3,1.19,23.0,123.5,0.88,0.02,0.004,0.0,real_s,video:IMG_3347,"video:IMG_3347 server_temp_C median of frames 146,149,150 (t=142.7-146.7 s)",1.01890,140.71,00:31,31,31.586,39.2,29.6,15.0,not_visible_interp,,44.6,61.7,,pause,0,level not visible; interpolated (not in fit)
20,light,Kinu,27,5.3,92.0,72.3,1.19,23.0,123.5,0.88,0.02,0.004,0.0,real_s,video:IMG_3347,"video:IMG_3347 server_temp_C median of frames 146,149,150 (t=142.7-146.7 s)",1.01890,140.71,00:32,32,32.605,39.2,29.6,15.0,not_visible_interp,,45.1,61.7,U ghost (45.1|45.4),pause,0,level not visible; interpolated (not in fit)
20,light,Kinu,27,5.3,92.0,72.3,1.19,23.0,123.5,0.88,0.02,0.004,0.0,real_s,video:IMG_3347,"video:IMG_3347 server_temp_C median of frames 146,149,150 (t=142.7-146.7 s)",1.01890,140.71,00:33,33,33.624,39.2,29.6,15.0,not_visible_interp,,46.5,61.7,,pause,0,level not visible; interpolated (not in fit)
20,light,Kinu,27,5.3,92.0,72.3,1.19,23.0,123.5,0.88,0.02,0.004,0.0,real_s,video:IMG_3347,"video:IMG_3347 server_temp_C median of frames 146,149,150 (t=142.7-146.7 s)",1.01890,140.71,00:34,34,34.643,39.2,29.6,15.0,not_visible_interp,,46.5,60.9,L ghost,pause,0,level not visible; interpolated (not in fit)
20,light,Kinu,27,5.3,92.0,72.3,1.19,23.0,123.5,0.88,0.02,0.004,0.0,real_s,video:IMG_3347,"video:IMG_3347 server_temp_C median of frames 146,149,150 (t=142.7-146.7 s)",1.01890,140.71,00:35,35,35.661,39.2,29.6,15.0,not_visible_interp,,46.4,59.9,,pause,0,level not visible; interpolated (not in fit)
20,light,Kinu,27,5.3,92.0,72.3,1.19,23.0,123.5,0.88,0.02,0.004,0.0,real_s,video:IMG_3347,"video:IMG_3347 server_temp_C median of frames 146,149,150 (t=142.7-146.7 s)",1.01890,140.71,00:36,36,36.680,39.5,29.7,15.0,not_visible_interp,,46.4,58.7,,pour,0,level not visible; interpolated (not in fit)
20,light,Kinu,27,5.3,92.0,72.3,1.19,23.0,123.5,0.88,0.02,0.004,0.0,real_s,video:IMG_3347,"video:IMG_3347 server_temp_C median of frames 146,149,150 (t=142.7-146.7 s)",1.01890,140.71,00:37,37,37.699,43.2,29.7,15.0,not_visible_interp,,46.2,58.8,L tenths ghost (8|0),pour,0,level not visible; interpolated (not in fit)
20,light,Kinu,27,5.3,92.0,72.3,1.19,23.0,123.5,0.88,0.02,0.004,0.0,real_s,video:IMG_3347,"video:IMG_3347 server_temp_C median of frames 146,149,150 (t=142.7-146.7 s)",1.01890,140.71,00:38,38,38.718,51.0,29.7,15.0,not_visible_interp,,46.0,57.6,,pour,0,level not visible; interpolated (not in fit)
20,light,Kinu,27,5.3,92.0,72.3,1.19,23.0,123.5,0.88,0.02,0.004,0.0,real_s,video:IMG_3347,"video:IMG_3347 server_temp_C median of frames 146,149,150 (t=142.7-146.7 s)",1.01890,140.71,00:39,39,39.737,57.8,29.7,15.0,not_visible_interp,,45.9,60.7,,pour,0,level not visible; interpolated (not in fit)
20,light,Kinu,27,5.3,92.0,72.3,1.19,23.0,123.5,0.88,0.02,0.004,0.0,real_s,video:IMG_3347,"video:IMG_3347 server_temp_C median of frames 146,149,150 (t=142.7-146.7 s)",1.01890,140.71,00:40,40,40.756,64.6,29.7,15.0,not_visible_interp,,45.9,63.8,L tenths ghost (8|6),pour,0,level not visible; interpolated (not in fit)
20,light,Kinu,27,5.3,92.0,72.3,1.19,23.0,123.5,0.88,0.02,0.004,0.0,real_s,video:IMG_3347,"video:IMG_3347 server_temp_C median of frames 146,149,150 (t=142.7-146.7 s)",1.01890,140.71,00:41,41,41.775,71.5,29.8,15.0,not_visible_interp,,45.7,64.1,L ones ghost (4|9),pour,0,level not visible; interpolated (not in fit)
20,light,Kinu,27,5.3,92.0,72.3,1.19,23.0,123.5,0.88,0.02,0.004,0.0,real_s,video:IMG_3347,"video:IMG_3347 server_temp_C median of frames 146,149,150 (t=142.7-146.7 s)",1.01890,140.71,00:42,42,42.794,80.0,29.8,15.0,not_visible_interp,,45.6,63.5,L ghost,pour,0,level not visible; interpolated (not in fit)
20,light,Kinu,27,5.3,92.0,72.3,1.19,23.0,123.5,0.88,0.02,0.004,0.0,real_s,video:IMG_3347,"video:IMG_3347 server_temp_C median of frames 146,149,150 (t=142.7-146.7 s)",1.01890,140.71,00:43,43,43.813,88.2,29.8,15.0,not_visible_interp,,45.9,74.6,L tens transition 6->7 (union glyph); low confidence,pour,0,level not visible; interpolated (not in fit)
20,light,Kinu,27,5.3,92.0,72.3,1.19,23.0,123.5,0.88,0.02,0.004,0.0,real_s,video:IMG_3347,"video:IMG_3347 server_temp_C median of frames 146,149,150 (t=142.7-146.7 s)",1.01890,140.71,00:44,44,44.832,91.7,29.8,15.0,not_visible_interp,,46.1,73.8,U tenths ghost (1|4); L ghost (73.8|79.8),pour,0,level not visible; interpolated (not in fit)
20,light,Kinu,27,5.3,92.0,72.3,1.19,23.0,123.5,0.88,0.02,0.004,0.0,real_s,video:IMG_3347,"video:IMG_3347 server_temp_C median of frames 146,149,150 (t=142.7-146.7 s)",1.01890,140.71,00:45,45,45.850,91.7,30.2,15.0,tick_col_outlier;estimator_spread>6px;visual_override;low_extrap;ellipse_fit_poor,0.1,46.2,71.6,L ghost,pause,1,V<50 mL extrapolated below lowest tick
20,light,Kinu,27,5.3,92.0,72.3,1.19,23.0,123.5,0.88,0.02,0.004,0.0,real_s,video:IMG_3347,"video:IMG_3347 server_temp_C median of frames 146,149,150 (t=142.7-146.7 s)",1.01890,140.71,00:46,46,46.869,91.7,32.1,15.0,tick_col_outlier;visual_interp;low_extrap;ellipse_fit_poor,0.2,46.4,71.9,,pause,1,V<50 mL extrapolated below lowest tick
20,light,Kinu,27,5.3,92.0,72.3,1.19,23.0,123.5,0.88,0.02,0.004,0.0,real_s,video:IMG_3347,"video:IMG_3347 server_temp_C median of frames 146,149,150 (t=142.7-146.7 s)",1.01890,140.71,00:47,47,47.888,91.7,34.9,15.0,tick_col_outlier;visual_override;low_extrap;ellipse_fit_poor,0.4,48.1,73.6,U ones ghost (8 over fading 6),pause,1,V<50 mL extrapolated below lowest tick
20,light,Kinu,27,5.3,92.0,72.3,1.19,23.0,123.5,0.88,0.02,0.004,0.0,real_s,video:IMG_3347,"video:IMG_3347 server_temp_C median of frames 146,149,150 (t=142.7-146.7 s)",1.01890,140.71,00:48,48,48.907,91.7,37.3,15.0,tick_col_outlier;visual_interp;low_extrap;ellipse_fit_poor,0.6,53.9,73.6,,pause,1,V<50 mL extrapolated below lowest tick
20,light,Kinu,27,5.3,92.0,72.3,1.19,23.0,123.5,0.88,0.02,0.004,0.0,real_s,video:IMG_3347,"video:IMG_3347 server_temp_C median of frames 146,149,150 (t=142.7-146.7 s)",1.01890,140.71,00:49,49,49.926,91.7,39.6,15.0,tick_col_outlier;visual_override;low_extrap;ellipse_fit_poor,0.8,53.9,73.6,L ones ghost (3|9),pause,1,V<50 mL extrapolated below lowest tick
20,light,Kinu,27,5.3,92.0,72.3,1.19,23.0,123.5,0.88,0.02,0.004,0.0,real_s,video:IMG_3347,"video:IMG_3347 server_temp_C median of frames 146,149,150 (t=142.7-146.7 s)",1.01890,140.71,00:50,50,50.945,91.7,41.7,15.0,tick_col_outlier;visual_interp;low_extrap;ellipse_fit_poor,1.0,53.5,77.7,L ghost,pause,1,V<50 mL extrapolated below lowest tick
20,light,Kinu,27,5.3,92.0,72.3,1.19,23.0,123.5,0.88,0.02,0.004,0.0,real_s,video:IMG_3347,"video:IMG_3347 server_temp_C median of frames 146,149,150 (t=142.7-146.7 s)",1.01890,140.71,00:51,51,51.964,91.7,44.0,15.0,tick_col_outlier;visual_override;low_extrap;ellipse_fit_poor,1.2,53.4,74.1,,pause,1,V<50 mL extrapolated below lowest tick
20,light,Kinu,27,5.3,92.0,72.3,1.19,23.0,123.5,0.88,0.02,0.004,0.0,real_s,video:IMG_3347,"video:IMG_3347 server_temp_C median of frames 146,149,150 (t=142.7-146.7 s)",1.01890,140.71,00:52,52,52.983,91.7,46.7,15.0,tick_col_outlier;visual_interp;low_extrap;ellipse_fit_poor,1.4,55.1,75.0,U ghost (55.1|53.1); L tenths ghost (0|8),pause,1,V<50 mL extrapolated below lowest tick
20,light,Kinu,27,5.3,92.0,72.3,1.19,23.0,123.5,0.88,0.02,0.004,0.0,real_s,video:IMG_3347,"video:IMG_3347 server_temp_C median of frames 146,149,150 (t=142.7-146.7 s)",1.01890,140.71,00:53,53,54.002,91.7,48.8,15.0,tick_col_outlier;visual_override;low_extrap;ellipse_fit_poor,1.5,55.3,75.0,,pause,1,V<50 mL extrapolated below lowest tick
20,light,Kinu,27,5.3,92.0,72.3,1.19,23.0,123.5,0.88,0.02,0.004,0.0,real_s,video:IMG_3347,"video:IMG_3347 server_temp_C median of frames 146,149,150 (t=142.7-146.7 s)",1.01890,140.71,00:54,54,55.021,91.7,49.5,15.0,tick_col_outlier;visual_interp;low_extrap;ellipse_fit_poor,1.7,54.4,75.6,,pause,1,V<50 mL extrapolated below lowest tick
20,light,Kinu,27,5.3,92.0,72.3,1.19,23.0,123.5,0.88,0.02,0.004,0.0,real_s,video:IMG_3347,"video:IMG_3347 server_temp_C median of frames 146,149,150 (t=142.7-146.7 s)",1.01890,140.71,00:55,55,56.039,91.7,50.2,6.0,tick_col_outlier;visual_override;ellipse_fit_poor,1.9,54.1,75.6,U tenths ghost (1|7),pause,1,
20,light,Kinu,27,5.3,92.0,72.3,1.19,23.0,123.5,0.88,0.02,0.004,0.0,real_s,video:IMG_3347,"video:IMG_3347 server_temp_C median of frames 146,149,150 (t=142.7-146.7 s)",1.01890,140.71,00:56,56,57.058,91.7,50.9,6.0,tick_col_outlier;visual_interp;ellipse_fit_poor,2.1,55.0,75.6,,pour,1,
20,light,Kinu,27,5.3,92.0,72.3,1.19,23.0,123.5,0.88,0.02,0.004,0.0,real_s,video:IMG_3347,"video:IMG_3347 server_temp_C median of frames 146,149,150 (t=142.7-146.7 s)",1.01890,140.71,00:57,57,58.077,92.2,52.4,6.0,tick_col_outlier;visual_override;ellipse_fit_poor,2.3,55.3,74.7,L tenths ghost,pour,1,
20,light,Kinu,27,5.3,92.0,72.3,1.19,23.0,123.5,0.88,0.02,0.004,0.0,real_s,video:IMG_3347,"video:IMG_3347 server_temp_C median of frames 146,149,150 (t=142.7-146.7 s)",1.01890,140.71,00:58,58,59.096,96.2,55.8,6.0,tick_col_outlier;visual_interp;ellipse_fit_poor,2.5,55.6,75.9,,pour,1,
20,light,Kinu,27,5.3,92.0,72.3,1.19,23.0,123.5,0.88,0.02,0.004,0.0,real_s,video:IMG_3347,"video:IMG_3347 server_temp_C median of frames 146,149,150 (t=142.7-146.7 s)",1.01890,140.71,00:59,59,60.115,104.2,58.5,6.0,tick_col_outlier;visual_override;ellipse_fit_poor,2.7,56.0,77.2,,pour,1,
20,light,Kinu,27,5.3,92.0,72.3,1.19,23.0,123.5,0.88,0.02,0.004,0.0,real_s,video:IMG_3347,"video:IMG_3347 server_temp_C median of frames 146,149,150 (t=142.7-146.7 s)",1.01890,140.71,01:00,60,61.134,111.6,59.5,6.0,tick_col_outlier;visual_interp;ellipse_fit_poor,2.8,57.8,80.8,U ones ghost (7|1); L tenths ghost (8|0),pour,1,
20,light,Kinu,27,5.3,92.0,72.3,1.19,23.0,123.5,0.88,0.02,0.004,0.0,real_s,video:IMG_3347,"video:IMG_3347 server_temp_C median of frames 146,149,150 (t=142.7-146.7 s)",1.01890,140.71,01:01,61,62.153,118.9,60.4,6.0,visual_override,3.0,57.5,81.4,,pour,1,
20,light,Kinu,27,5.3,92.0,72.3,1.19,23.0,123.5,0.88,0.02,0.004,0.0,real_s,video:IMG_3347,"video:IMG_3347 server_temp_C median of frames 146,149,150 (t=142.7-146.7 s)",1.01890,140.71,01:02,62,63.172,128.0,60.7,6.0,tick_col_outlier;visual_interp;ellipse_fit_poor,3.2,57.9,82.8,U tenths ghost (9|4),pour,1,
20,light,Kinu,27,5.3,92.0,72.3,1.19,23.0,123.5,0.88,0.02,0.004,0.0,real_s,video:IMG_3347,"video:IMG_3347 server_temp_C median of frames 146,149,150 (t=142.7-146.7 s)",1.01890,140.71,01:03,63,64.191,136.9,61.4,6.0,tick_col_outlier;visual_override;ellipse_fit_poor,3.4,58.2,83.2,,pour,1,
20,light,Kinu,27,5.3,92.0,72.3,1.19,23.0,123.5,0.88,0.02,0.004,0.0,real_s,video:IMG_3347,"video:IMG_3347 server_temp_C median of frames 146,149,150 (t=142.7-146.7 s)",1.01890,140.71,01:04,64,65.210,143.6,62.7,6.0,tick_col_outlier;visual_interp;ellipse_fit_poor,3.6,58.2,83.2,,pour,1,
20,light,Kinu,27,5.3,92.0,72.3,1.19,23.0,123.5,0.88,0.02,0.004,0.0,real_s,video:IMG_3347,"video:IMG_3347 server_temp_C median of frames 146,149,150 (t=142.7-146.7 s)",1.01890,140.71,01:05,65,66.228,145.6,66.7,6.0,tick_col_outlier;visual_override;ellipse_fit_poor,3.8,58.3,83.1,,pour,1,
20,light,Kinu,27,5.3,92.0,72.3,1.19,23.0,123.5,0.88,0.02,0.004,0.0,real_s,video:IMG_3347,"video:IMG_3347 server_temp_C median of frames 146,149,150 (t=142.7-146.7 s)",1.01890,140.71,01:06,66,67.247,145.6,75.2,6.0,estimator_spread>6px;ellipse_fit_poor,4.0,61.4,82.9,U ones ghost (0|1|7),pause,1,
20,light,Kinu,27,5.3,92.0,72.3,1.19,23.0,123.5,0.88,0.02,0.004,0.0,real_s,video:IMG_3347,"video:IMG_3347 server_temp_C median of frames 146,149,150 (t=142.7-146.7 s)",1.01890,140.71,01:07,67,68.266,145.6,78.5,4.0,ok,4.2,61.8,83.8,L tenths ghost (8|0),pause,1,
20,light,Kinu,27,5.3,92.0,72.3,1.19,23.0,123.5,0.88,0.02,0.004,0.0,real_s,video:IMG_3347,"video:IMG_3347 server_temp_C median of frames 146,149,150 (t=142.7-146.7 s)",1.01890,140.71,01:08,68,69.285,145.6,81.6,4.0,ok,4.6,63.1,83.0,L tenths ghost (0|8),pause,1,
20,light,Kinu,27,5.3,92.0,72.3,1.19,23.0,123.5,0.88,0.02,0.004,0.0,real_s,video:IMG_3347,"video:IMG_3347 server_temp_C median of frames 146,149,150 (t=142.7-146.7 s)",1.01890,140.71,01:09,69,70.304,145.6,84.2,4.0,ok,5.0,63.3,83.0,L tenths ghost (0|8),pause,1,
20,light,Kinu,27,5.3,92.0,72.3,1.19,23.0,123.5,0.88,0.02,0.004,0.0,real_s,video:IMG_3347,"video:IMG_3347 server_temp_C median of frames 146,149,150 (t=142.7-146.7 s)",1.01890,140.71,01:10,70,71.323,145.6,86.5,4.0,ok,5.5,63.7,83.2,,pause,1,
20,light,Kinu,27,5.3,92.0,72.3,1.19,23.0,123.5,0.88,0.02,0.004,0.0,real_s,video:IMG_3347,"video:IMG_3347 server_temp_C median of frames 146,149,150 (t=142.7-146.7 s)",1.01890,140.71,01:11,71,72.342,145.6,89.2,4.0,ok,5.5,63.6,83.4,,pause,1,
20,light,Kinu,27,5.3,92.0,72.3,1.19,23.0,123.5,0.88,0.02,0.004,0.0,real_s,video:IMG_3347,"video:IMG_3347 server_temp_C median of frames 146,149,150 (t=142.7-146.7 s)",1.01890,140.71,01:12,72,73.361,145.6,91.8,4.0,ok,5.7,63.1,83.6,,pause,1,
20,light,Kinu,27,5.3,92.0,72.3,1.19,23.0,123.5,0.88,0.02,0.004,0.0,real_s,video:IMG_3347,"video:IMG_3347 server_temp_C median of frames 146,149,150 (t=142.7-146.7 s)",1.01890,140.71,01:13,73,74.380,145.6,94.1,4.0,ok,6.3,63.1,83.8,L tenths ghost (8|0),pause,1,
20,light,Kinu,27,5.3,92.0,72.3,1.19,23.0,123.5,0.88,0.02,0.004,0.0,real_s,video:IMG_3347,"video:IMG_3347 server_temp_C median of frames 146,149,150 (t=142.7-146.7 s)",1.01890,140.71,01:14,74,75.399,145.6,96.4,4.0,ok,4.8,63.0,83.8,,pause,1,
20,light,Kinu,27,5.3,92.0,72.3,1.19,23.0,123.5,0.88,0.02,0.004,0.0,real_s,video:IMG_3347,"video:IMG_3347 server_temp_C median of frames 146,149,150 (t=142.7-146.7 s)",1.01890,140.71,01:15,75,76.417,146.0,99.5,4.0,ok,2.1,63.0,83.8,,pour,1,
20,light,Kinu,27,5.3,92.0,72.3,1.19,23.0,123.5,0.88,0.02,0.004,0.0,real_s,video:IMG_3347,"video:IMG_3347 server_temp_C median of frames 146,149,150 (t=142.7-146.7 s)",1.01890,140.71,01:16,76,77.436,149.4,99.7,4.0,ok,6.8,62.8,83.6,L tenths ghost (6|8),pour,1,
20,light,Kinu,27,5.3,92.0,72.3,1.19,23.0,123.5,0.88,0.02,0.004,0.0,real_s,video:IMG_3347,"video:IMG_3347 server_temp_C median of frames 146,149,150 (t=142.7-146.7 s)",1.01890,140.71,01:17,77,78.455,157.4,100.9,4.0,ok,6.1,62.6,84.1,L tenths ghost (1|4),pour,1,
20,light,Kinu,27,5.3,92.0,72.3,1.19,23.0,123.5,0.88,0.02,0.004,0.0,real_s,video:IMG_3347,"video:IMG_3347 server_temp_C median of frames 146,149,150 (t=142.7-146.7 s)",1.01890,140.71,01:18,78,79.474,166.9,104.5,4.0,ok,6.5,62.3,84.2,,pour,1,
20,light,Kinu,27,5.3,92.0,72.3,1.19,23.0,123.5,0.88,0.02,0.004,0.0,real_s,video:IMG_3347,"video:IMG_3347 server_temp_C median of frames 146,149,150 (t=142.7-146.7 s)",1.01890,140.71,01:19,79,80.493,176.2,107.1,4.0,ellipse_fit_poor,6.7,61.9,84.7,,pour,1,
20,light,Kinu,27,5.3,92.0,72.3,1.19,23.0,123.5,0.88,0.02,0.004,0.0,real_s,video:IMG_3347,"video:IMG_3347 server_temp_C median of frames 146,149,150 (t=142.7-146.7 s)",1.01890,140.71,01:20,80,81.512,184.1,110.0,4.0,ellipse_fit_poor,6.9,61.7,84.7,,pour,1,
20,light,Kinu,27,5.3,92.0,72.3,1.19,23.0,123.5,0.88,0.02,0.004,0.0,real_s,video:IMG_3347,"video:IMG_3347 server_temp_C median of frames 146,149,150 (t=142.7-146.7 s)",1.01890,140.71,01:21,81,82.531,190.5,112.9,4.0,ellipse_fit_poor,6.5,61.7,84.8,L tenths ghost (8|0),pour,1,
20,light,Kinu,27,5.3,92.0,72.3,1.19,23.0,123.5,0.88,0.02,0.004,0.0,real_s,video:IMG_3347,"video:IMG_3347 server_temp_C median of frames 146,149,150 (t=142.7-146.7 s)",1.01890,140.71,01:22,82,83.550,190.6,115.4,4.0,ok,6.5,61.7,85.0,L tenths ghost (0|8),pause,1,
20,light,Kinu,27,5.3,92.0,72.3,1.19,23.0,123.5,0.88,0.02,0.004,0.0,real_s,video:IMG_3347,"video:IMG_3347 server_temp_C median of frames 146,149,150 (t=142.7-146.7 s)",1.01890,140.71,01:23,83,84.569,190.6,117.8,4.0,ok,6.7,61.8,85.2,,pause,1,
20,light,Kinu,27,5.3,92.0,72.3,1.19,23.0,123.5,0.88,0.02,0.004,0.0,real_s,video:IMG_3347,"video:IMG_3347 server_temp_C median of frames 146,149,150 (t=142.7-146.7 s)",1.01890,140.71,01:24,84,85.588,190.6,120.6,4.0,ok,7.3,62.0,85.4,U tenths ghost (0|8),pause,1,
20,light,Kinu,27,5.3,92.0,72.3,1.19,23.0,123.5,0.88,0.02,0.004,0.0,real_s,video:IMG_3347,"video:IMG_3347 server_temp_C median of frames 146,149,150 (t=142.7-146.7 s)",1.01890,140.71,01:25,85,86.606,190.6,123.5,4.0,ok,7.8,62.4,85.5,,pause,1,
20,light,Kinu,27,5.3,92.0,72.3,1.19,23.0,123.5,0.88,0.02,0.004,0.0,real_s,video:IMG_3347,"video:IMG_3347 server_temp_C median of frames 146,149,150 (t=142.7-146.7 s)",1.01890,140.71,01:26,86,87.625,190.6,126.4,4.0,ok,8.0,62.7,85.5,U tenths ghost (7|1),pause,1,
20,light,Kinu,27,5.3,92.0,72.3,1.19,23.0,123.5,0.88,0.02,0.004,0.0,real_s,video:IMG_3347,"video:IMG_3347 server_temp_C median of frames 146,149,150 (t=142.7-146.7 s)",1.01890,140.71,01:27,87,88.644,190.6,129.0,4.0,ok,8.4,62.8,85.6,,pause,1,
20,light,Kinu,27,5.3,92.0,72.3,1.19,23.0,123.5,0.88,0.02,0.004,0.0,real_s,video:IMG_3347,"video:IMG_3347 server_temp_C median of frames 146,149,150 (t=142.7-146.7 s)",1.01890,140.71,01:28,88,89.663,190.6,131.3,4.0,ok,8.2,63.2,85.6,U tenths ghost (2|8),pause,1,
20,light,Kinu,27,5.3,92.0,72.3,1.19,23.0,123.5,0.88,0.02,0.004,0.0,real_s,video:IMG_3347,"video:IMG_3347 server_temp_C median of frames 146,149,150 (t=142.7-146.7 s)",1.01890,140.71,01:29,89,90.682,190.6,133.7,4.0,ok,5.5,63.9,85.8,L tenths ghost (8|0),pause,1,
20,light,Kinu,27,5.3,92.0,72.3,1.19,23.0,123.5,0.88,0.02,0.004,0.0,real_s,video:IMG_3347,"video:IMG_3347 server_temp_C median of frames 146,149,150 (t=142.7-146.7 s)",1.01890,140.71,01:30,90,91.701,190.6,136.2,4.0,ok,2.4,63.2,85.9,,pause,1,
20,light,Kinu,27,5.3,92.0,72.3,1.19,23.0,123.5,0.88,0.02,0.004,0.0,real_s,video:IMG_3347,"video:IMG_3347 server_temp_C median of frames 146,149,150 (t=142.7-146.7 s)",1.01890,140.71,01:31,91,92.720,190.6,138.5,4.0,ok,8.4,63.3,86.0,L tenths ghost (0|8),pause,1,
20,light,Kinu,27,5.3,92.0,72.3,1.19,23.0,123.5,0.88,0.02,0.004,0.0,real_s,video:IMG_3347,"video:IMG_3347 server_temp_C median of frames 146,149,150 (t=142.7-146.7 s)",1.01890,140.71,01:32,92,93.739,190.6,140.4,4.0,ok,8.4,63.8,86.0,,pause,1,
20,light,Kinu,27,5.3,92.0,72.3,1.19,23.0,123.5,0.88,0.02,0.004,0.0,real_s,video:IMG_3347,"video:IMG_3347 server_temp_C median of frames 146,149,150 (t=142.7-146.7 s)",1.01890,140.71,01:33,93,94.758,190.6,142.5,4.0,ok,9.7,63.9,86.0,,pour,1,
20,light,Kinu,27,5.3,92.0,72.3,1.19,23.0,123.5,0.88,0.02,0.004,0.0,real_s,video:IMG_3347,"video:IMG_3347 server_temp_C median of frames 146,149,150 (t=142.7-146.7 s)",1.01890,140.71,01:34,94,95.777,191.7,144.2,4.0,ok,9.2,63.9,86.0,,pour,1,
20,light,Kinu,27,5.3,92.0,72.3,1.19,23.0,123.5,0.88,0.02,0.004,0.0,real_s,video:IMG_3347,"video:IMG_3347 server_temp_C median of frames 146,149,150 (t=142.7-146.7 s)",1.01890,140.71,01:35,95,96.795,197.5,146.7,4.0,ok,3.0,63.6,86.1,L tenths ghost (1|4),pour,1,
20,light,Kinu,27,5.3,92.0,72.3,1.19,23.0,123.5,0.88,0.02,0.004,0.0,real_s,video:IMG_3347,"video:IMG_3347 server_temp_C median of frames 146,149,150 (t=142.7-146.7 s)",1.01890,140.71,01:36,96,97.814,208.0,149.5,6.0,ok,10.5,63.1,86.2,U tenths ghost (1|7),pour,1,
20,light,Kinu,27,5.3,92.0,72.3,1.19,23.0,123.5,0.88,0.02,0.004,0.0,real_s,video:IMG_3347,"video:IMG_3347 server_temp_C median of frames 146,149,150 (t=142.7-146.7 s)",1.01890,140.71,01:37,97,98.833,219.8,150.6,6.0,estimator_spread>6px,11.4,62.9,86.3,L tenths ghost (3|7),pour,1,
20,light,Kinu,27,5.3,92.0,72.3,1.19,23.0,123.5,0.88,0.02,0.004,0.0,real_s,video:IMG_3347,"video:IMG_3347 server_temp_C median of frames 146,149,150 (t=142.7-146.7 s)",1.01890,140.71,01:38,98,99.852,231.2,154.3,6.0,estimator_spread>6px,12.1,62.9,86.4,,pour,1,
20,light,Kinu,27,5.3,92.0,72.3,1.19,23.0,123.5,0.88,0.02,0.004,0.0,real_s,video:IMG_3347,"video:IMG_3347 server_temp_C median of frames 146,149,150 (t=142.7-146.7 s)",1.01890,140.71,01:39,99,100.871,241.0,157.6,6.0,estimator_spread>6px,10.8,63.1,86.6,,pour,1,
20,light,Kinu,27,5.3,92.0,72.3,1.19,23.0,123.5,0.88,0.02,0.004,0.0,real_s,video:IMG_3347,"video:IMG_3347 server_temp_C median of frames 146,149,150 (t=142.7-146.7 s)",1.01890,140.71,01:40,100,101.890,248.0,161.4,6.0,estimator_spread>6px;ellipse_fit_poor,8.7,63.5,86.8,L tenths ghost (8|9),pour,1,
20,light,Kinu,27,5.3,92.0,72.3,1.19,23.0,123.5,0.88,0.02,0.004,0.0,real_s,video:IMG_3347,"video:IMG_3347 server_temp_C median of frames 146,149,150 (t=142.7-146.7 s)",1.01890,140.71,01:41,101,102.909,249.6,165.7,4.0,ok,4.3,63.6,86.7,,pour,1,
20,light,Kinu,27,5.3,92.0,72.3,1.19,23.0,123.5,0.88,0.02,0.004,0.0,real_s,video:IMG_3347,"video:IMG_3347 server_temp_C median of frames 146,149,150 (t=142.7-146.7 s)",1.01890,140.71,01:42,102,103.928,249.6,169.8,4.0,ok,14.7,63.6,86.4,,pause,1,
20,light,Kinu,27,5.3,92.0,72.3,1.19,23.0,123.5,0.88,0.02,0.004,0.0,real_s,video:IMG_3347,"video:IMG_3347 server_temp_C median of frames 146,149,150 (t=142.7-146.7 s)",1.01890,140.71,01:43,103,104.947,249.6,173.6,6.0,ok,15.5,63.5,86.2,,pause,1,
20,light,Kinu,27,5.3,92.0,72.3,1.19,23.0,123.5,0.88,0.02,0.004,0.0,real_s,video:IMG_3347,"video:IMG_3347 server_temp_C median of frames 146,149,150 (t=142.7-146.7 s)",1.01890,140.71,01:44,104,105.966,249.6,177.4,6.0,tick_col_wire;median3,16.2,63.6,86.2,,pause,1,
20,light,Kinu,27,5.3,92.0,72.3,1.19,23.0,123.5,0.88,0.02,0.004,0.0,real_s,video:IMG_3347,"video:IMG_3347 server_temp_C median of frames 146,149,150 (t=142.7-146.7 s)",1.01890,140.71,01:45,105,106.984,249.6,180.9,6.0,tick_col_wire;median3,13.7,63.7,86.2,,pause,1,
20,light,Kinu,27,5.3,92.0,72.3,1.19,23.0,123.5,0.88,0.02,0.004,0.0,real_s,video:IMG_3347,"video:IMG_3347 server_temp_C median of frames 146,149,150 (t=142.7-146.7 s)",1.01890,140.71,01:46,106,108.003,249.6,184.7,6.0,tick_col_wire;median3,10.6,65.0,86.4,U ones ghost (9-shape = 5 + fading 3),pause,1,
20,light,Kinu,27,5.3,92.0,72.3,1.19,23.0,123.5,0.88,0.02,0.004,0.0,real_s,video:IMG_3347,"video:IMG_3347 server_temp_C median of frames 146,149,150 (t=142.7-146.7 s)",1.01890,140.71,01:47,107,109.022,249.6,188.4,6.0,tick_col_wire;median3,1.4,65.2,86.4,,pause,1,
20,light,Kinu,27,5.3,92.0,72.3,1.19,23.0,123.5,0.88,0.02,0.004,0.0,real_s,video:IMG_3347,"video:IMG_3347 server_temp_C median of frames 146,149,150 (t=142.7-146.7 s)",1.01890,140.71,01:48,108,110.041,249.6,191.6,6.0,tick_col_wire;median3,0.0,65.2,86.5,,pause,1,
20,light,Kinu,27,5.3,92.0,72.3,1.19,23.0,123.5,0.88,0.02,0.004,0.0,real_s,video:IMG_3347,"video:IMG_3347 server_temp_C median of frames 146,149,150 (t=142.7-146.7 s)",1.01890,140.71,01:49,109,111.060,249.6,195.0,6.0,tick_col_wire;median3,0.0,64.9,86.6,,pause,1,
20,light,Kinu,27,5.3,92.0,72.3,1.19,23.0,123.5,0.88,0.02,0.004,0.0,real_s,video:IMG_3347,"video:IMG_3347 server_temp_C median of frames 146,149,150 (t=142.7-146.7 s)",1.01890,140.71,01:50,110,112.079,249.6,197.7,6.0,tick_col_wire;median3,0.0,64.7,86.6,,pause,1,
20,light,Kinu,27,5.3,92.0,72.3,1.19,23.0,123.5,0.88,0.02,0.004,0.0,real_s,video:IMG_3347,"video:IMG_3347 server_temp_C median of frames 146,149,150 (t=142.7-146.7 s)",1.01890,140.71,01:51,111,113.098,249.6,200.3,6.0,tick_col_wire;median3;estimator_spread>6px,3.0,64.9,86.7,,pause,1,
20,light,Kinu,27,5.3,92.0,72.3,1.19,23.0,123.5,0.88,0.02,0.004,0.0,real_s,video:IMG_3347,"video:IMG_3347 server_temp_C median of frames 146,149,150 (t=142.7-146.7 s)",1.01890,140.71,01:52,112,114.117,249.6,203.5,6.0,tick_col_wire;median3;estimator_spread>6px,7.5,64.6,86.8,,pause,1,
20,light,Kinu,27,5.3,92.0,72.3,1.19,23.0,123.5,0.88,0.02,0.004,0.0,real_s,video:IMG_3347,"video:IMG_3347 server_temp_C median of frames 146,149,150 (t=142.7-146.7 s)",1.01890,140.71,01:53,113,115.136,249.6,204.4,6.0,tick_col_wire;median3;estimator_spread>6px,0.0,64.9,86.9,L tenths ghost (9|4),pause,1,
20,light,Kinu,27,5.3,92.0,72.3,1.19,23.0,123.5,0.88,0.02,0.004,0.0,real_s,video:IMG_3347,"video:IMG_3347 server_temp_C median of frames 146,149,150 (t=142.7-146.7 s)",1.01890,140.71,01:54,114,116.155,249.6,205.2,6.0,tick_col_wire;median3;ellipse_fit_poor,0.0,64.9,87.0,L tenths ghost (0|8),pour,1,
20,light,Kinu,27,5.3,92.0,72.3,1.19,23.0,123.5,0.88,0.02,0.004,0.0,real_s,video:IMG_3347,"video:IMG_3347 server_temp_C median of frames 146,149,150 (t=142.7-146.7 s)",1.01890,140.71,01:55,115,117.173,250.2,207.5,6.0,tick_col_wire;median3;estimator_spread>6px;ellipse_fit_poor,0.0,65.2,87.1,,pour,1,
20,light,Kinu,27,5.3,92.0,72.3,1.19,23.0,123.5,0.88,0.02,0.004,0.0,real_s,video:IMG_3347,"video:IMG_3347 server_temp_C median of frames 146,149,150 (t=142.7-146.7 s)",1.01890,140.71,01:56,116,118.192,255.4,208.4,6.0,tick_col_wire;median3;estimator_spread>6px;ellipse_fit_poor,0.0,65.5,87.2,,pour,1,
20,light,Kinu,27,5.3,92.0,72.3,1.19,23.0,123.5,0.88,0.02,0.004,0.0,real_s,video:IMG_3347,"video:IMG_3347 server_temp_C median of frames 146,149,150 (t=142.7-146.7 s)",1.01890,140.71,01:57,117,119.211,266.5,210.5,6.0,tick_col_wire;median3;estimator_spread>6px;ellipse_fit_poor,0.0,65.8,87.3,U tenths ghost (8|0); L tenths ghost (3|7),pour,1,
20,light,Kinu,27,5.3,92.0,72.3,1.19,23.0,123.5,0.88,0.02,0.004,0.0,real_s,video:IMG_3347,"video:IMG_3347 server_temp_C median of frames 146,149,150 (t=142.7-146.7 s)",1.01890,140.71,01:58,118,120.230,279.0,213.3,6.0,tick_col_wire;median3;ellipse_fit_poor,0.0,64.7,87.4,U tenths ghost (7|1),pour,1,
20,light,Kinu,27,5.3,92.0,72.3,1.19,23.0,123.5,0.88,0.02,0.004,0.0,real_s,video:IMG_3347,"video:IMG_3347 server_temp_C median of frames 146,149,150 (t=142.7-146.7 s)",1.01890,140.71,01:59,119,121.249,291.7,217.0,6.0,tick_col_wire;median3,0.0,64.7,87.6,,pour,1,
20,light,Kinu,27,5.3,92.0,72.3,1.19,23.0,123.5,0.88,0.02,0.004,0.0,real_s,video:IMG_3347,"video:IMG_3347 server_temp_C median of frames 146,149,150 (t=142.7-146.7 s)",1.01890,140.71,02:00,120,122.268,301.9,220.0,6.0,tick_col_wire;median3,7.0,64.8,87.6,,pour,1,
20,light,Kinu,27,5.3,92.0,72.3,1.19,23.0,123.5,0.88,0.02,0.004,0.0,real_s,video:IMG_3347,"video:IMG_3347 server_temp_C median of frames 146,149,150 (t=142.7-146.7 s)",1.01890,140.71,02:01,121,123.287,311.1,223.6,6.0,tick_col_wire;median3,23.2,64.8,87.5,,pour,1,
20,light,Kinu,27,5.3,92.0,72.3,1.19,23.0,123.5,0.88,0.02,0.004,0.0,real_s,video:IMG_3347,"video:IMG_3347 server_temp_C median of frames 146,149,150 (t=142.7-146.7 s)",1.01890,140.71,02:02,122,124.306,318.0,227.9,6.0,tick_col_wire;median3,14.9,64.8,87.2,,pour,1,
20,light,Kinu,27,5.3,92.0,72.3,1.19,23.0,123.5,0.88,0.02,0.004,0.0,real_s,video:IMG_3347,"video:IMG_3347 server_temp_C median of frames 146,149,150 (t=142.7-146.7 s)",1.01890,140.71,02:03,123,125.325,320.2,231.1,6.0,tick_col_wire;median3,6.2,64.8,86.9,,pour,1,
20,light,Kinu,27,5.3,92.0,72.3,1.19,23.0,123.5,0.88,0.02,0.004,0.0,real_s,video:IMG_3347,"video:IMG_3347 server_temp_C median of frames 146,149,150 (t=142.7-146.7 s)",1.01890,140.71,02:04,124,126.344,320.2,235.2,6.0,tick_col_wire;median3,15.1,64.9,86.5,L tenths ghost (5|9),pause,1,
20,light,Kinu,27,5.3,92.0,72.3,1.19,23.0,123.5,0.88,0.02,0.004,0.0,real_s,video:IMG_3347,"video:IMG_3347 server_temp_C median of frames 146,149,150 (t=142.7-146.7 s)",1.01890,140.71,02:05,125,127.362,320.2,237.8,6.0,tick_col_wire;median3;ellipse_fit_poor,0.0,65.2,86.4,,pause,1,
20,light,Kinu,27,5.3,92.0,72.3,1.19,23.0,123.5,0.88,0.02,0.004,0.0,real_s,video:IMG_3347,"video:IMG_3347 server_temp_C median of frames 146,149,150 (t=142.7-146.7 s)",1.01890,140.71,02:06,126,128.381,320.2,240.7,6.0,tick_col_wire;median3,0.0,66.6,86.7,L tenths ghost (7|3),pause,1,
20,light,Kinu,27,5.3,92.0,72.3,1.19,23.0,123.5,0.88,0.02,0.004,0.0,real_s,video:IMG_3347,"video:IMG_3347 server_temp_C median of frames 146,149,150 (t=142.7-146.7 s)",1.01890,140.71,02:07,127,129.400,320.2,243.3,6.0,tick_col_wire;median3,0.0,67.9,86.7,U ones ghost (7|1),pause,1,
20,light,Kinu,27,5.3,92.0,72.3,1.19,23.0,123.5,0.88,0.02,0.004,0.0,real_s,video:IMG_3347,"video:IMG_3347 server_temp_C median of frames 146,149,150 (t=142.7-146.7 s)",1.01890,140.71,02:08,128,130.419,320.2,248.4,6.0,estimator_spread>6px,0.0,69.0,86.4,U ghost (9 over fading 7); L tenths ghost,pause,1,
20,light,Kinu,27,5.3,92.0,72.3,1.19,23.0,123.5,0.88,0.02,0.004,0.0,real_s,video:IMG_3347,"video:IMG_3347 server_temp_C median of frames 146,149,150 (t=142.7-146.7 s)",1.01890,140.71,02:09,129,131.438,320.2,250.6,4.0,ok,0.0,67.6,86.6,U ones ghost (7|1),pause,1,
20,light,Kinu,27,5.3,92.0,72.3,1.19,23.0,123.5,0.88,0.02,0.004,0.0,real_s,video:IMG_3347,"video:IMG_3347 server_temp_C median of frames 146,149,150 (t=142.7-146.7 s)",1.01890,140.71,02:10,130,132.457,320.2,252.6,4.0,ok,0.0,67.7,86.8,U ones ghost (7|1),pause,1,
20,light,Kinu,27,5.3,92.0,72.3,1.19,23.0,123.5,0.88,0.02,0.004,0.0,real_s,video:IMG_3347,"video:IMG_3347 server_temp_C median of frames 146,149,150 (t=142.7-146.7 s)",1.01890,140.71,02:11,131,133.476,320.2,255.7,4.0,ok,0.0,68.9,86.8,,pause,1,
20,light,Kinu,27,5.3,92.0,72.3,1.19,23.0,123.5,0.88,0.02,0.004,0.0,real_s,video:IMG_3347,"video:IMG_3347 server_temp_C median of frames 146,149,150 (t=142.7-146.7 s)",1.01890,140.71,02:12,132,134.495,320.2,258.2,4.0,ok,0.0,69.9,86.8,U ghost (69.9|65.9),pause,1,
20,light,Kinu,27,5.3,92.0,72.3,1.19,23.0,123.5,0.88,0.02,0.004,0.0,real_s,video:IMG_3347,"video:IMG_3347 server_temp_C median of frames 146,149,150 (t=142.7-146.7 s)",1.01890,140.71,02:13,133,135.514,320.2,260.2,4.0,ellipse_fit_poor,0.0,70.1,86.9,L tenths ghost,pause,1,
20,light,Kinu,27,5.3,92.0,72.3,1.19,23.0,123.5,0.88,0.02,0.004,0.0,real_s,video:IMG_3347,"video:IMG_3347 server_temp_C median of frames 146,149,150 (t=142.7-146.7 s)",1.01890,140.71,02:14,134,136.533,320.2,262.5,4.0,ok,0.0,70.4,87.0,U tenths ghost (4|8); L tenths ghost (0|8),pause,1,
20,light,Kinu,27,5.3,92.0,72.3,1.19,23.0,123.5,0.88,0.02,0.004,0.0,real_s,video:IMG_3347,"video:IMG_3347 server_temp_C median of frames 146,149,150 (t=142.7-146.7 s)",1.01890,140.71,02:15,135,137.551,320.2,264.9,4.0,ok,0.0,70.7,87.0,,pause,1,
20,light,Kinu,27,5.3,92.0,72.3,1.19,23.0,123.5,0.88,0.02,0.004,0.0,real_s,video:IMG_3347,"video:IMG_3347 server_temp_C median of frames 146,149,150 (t=142.7-146.7 s)",1.01890,140.71,02:16,136,138.570,320.2,267.1,4.0,ok,0.0,70.8,87.1,,flow_stop_visual,1,smoothed level within 2 mL of final 267.1 mL (sub-grid crossing t = 135.12 s)
20,light,Kinu,27,5.3,92.0,72.3,1.19,23.0,123.5,0.88,0.02,0.004,0.0,real_s,video:IMG_3347,"video:IMG_3347 server_temp_C median of frames 146,149,150 (t=142.7-146.7 s)",1.01890,140.71,02:17,137,139.589,320.2,269.5,4.0,ok,0.0,70.8,87.1,,pause,1,
20,light,Kinu,27,5.3,92.0,72.3,1.19,23.0,123.5,0.88,0.02,0.004,0.0,real_s,video:IMG_3347,"video:IMG_3347 server_temp_C median of frames 146,149,150 (t=142.7-146.7 s)",1.01890,140.71,02:18,138,140.608,320.2,271.5,4.0,ok,0.0,70.5,87.2,,pause,1,
20,light,Kinu,27,5.3,92.0,72.3,1.19,23.0,123.5,0.88,0.02,0.004,0.0,real_s,video:IMG_3347,"video:IMG_3347 server_temp_C median of frames 146,149,150 (t=142.7-146.7 s)",1.01890,140.71,02:19,139,141.627,320.2,273.5,4.0,ok,0.0,70.4,87.3,,pause,1,
20,light,Kinu,27,5.3,92.0,72.3,1.19,23.0,123.5,0.88,0.02,0.004,0.0,real_s,video:IMG_3347,"video:IMG_3347 server_temp_C median of frames 146,149,150 (t=142.7-146.7 s)",1.01890,140.71,02:20,140,142.646,320.2,275.1,4.0,ellipse_fit_poor;after_dripper_removed,0.0,70.4,87.3,,pause,0,after dripper removed from server (not comparable with model; not in fit)
20,light,Kinu,27,5.3,92.0,72.3,1.19,23.0,123.5,0.88,0.02,0.004,0.0,real_s,video:IMG_3347,"video:IMG_3347 server_temp_C median of frames 146,149,150 (t=142.7-146.7 s)",1.01890,140.71,02:21,141,143.665,320.2,276.2,4.0,ellipse_fit_poor;after_dripper_removed,0.0,70.2,87.3,,pause,0,after dripper removed from server (not comparable with model; not in fit)
20,light,Kinu,27,5.3,92.0,72.3,1.19,23.0,123.5,0.88,0.02,0.004,0.0,real_s,video:IMG_3347,"video:IMG_3347 server_temp_C median of frames 146,149,150 (t=142.7-146.7 s)",1.01890,140.71,02:22,142,144.684,320.2,278.4,4.0,ellipse_fit_poor;after_dripper_removed,0.0,69.9,85.5,U ghost; L falling (flow ended / dripper lifted),pause,0,after dripper removed from server (not comparable with model; not in fit)
20,light,Kinu,27,5.3,92.0,72.3,1.19,23.0,123.5,0.88,0.02,0.004,0.0,real_s,video:IMG_3347,"video:IMG_3347 server_temp_C median of frames 146,149,150 (t=142.7-146.7 s)",1.01890,140.71,02:23,143,145.703,320.2,278.7,6.0,ellipse_fit_poor;after_dripper_removed,0.0,72.0,67.9,L falling fast,pause,0,after dripper removed from server (not comparable with model; not in fit)
20,light,Kinu,27,5.3,92.0,72.3,1.19,23.0,123.5,0.88,0.02,0.004,0.0,real_s,video:IMG_3347,"video:IMG_3347 server_temp_C median of frames 146,149,150 (t=142.7-146.7 s)",1.01890,140.71,02:24,144,146.721,320.2,279.5,6.0,estimator_spread>6px;ellipse_fit_poor;after_dripper_removed,0.0,70.9,67.7,U ghost; L ghost,pause,0,after dripper removed from server (not comparable with model; not in fit)
20,light,Kinu,27,5.3,92.0,72.3,1.19,23.0,123.5,0.88,0.02,0.004,0.0,real_s,video:IMG_3347,"video:IMG_3347 server_temp_C median of frames 146,149,150 (t=142.7-146.7 s)",1.01890,140.71,02:25,145,147.740,320.2,279.8,6.0,estimator_spread>6px;ellipse_fit_poor;after_dripper_removed,0.0,71.8,59.8,U ones ghost unreadable-ish; L ghost (59.8|69.8),pause,0,after dripper removed from server (not comparable with model; not in fit)
20,light,Kinu,27,5.3,92.0,72.3,1.19,23.0,123.5,0.88,0.02,0.004,0.0,real_s,video:IMG_3347,"video:IMG_3347 server_temp_C median of frames 146,149,150 (t=142.7-146.7 s)",1.01890,140.71,02:26,146,148.759,320.2,280.4,6.0,estimator_spread>6px;ellipse_fit_poor;after_dripper_removed,0.0,72.3,59.4,,pause,0,after dripper removed from server (not comparable with model; not in fit)
20,light,Kinu,27,5.3,92.0,72.3,1.19,23.0,123.5,0.88,0.02,0.004,0.0,real_s,video:IMG_3347,"video:IMG_3347 server_temp_C median of frames 146,149,150 (t=142.7-146.7 s)",1.01890,140.71,02:27,147,149.778,320.2,280.5,6.0,estimator_spread>6px;after_dripper_removed,0.0,72.6,57.5,,dripper_off_final,0,after dripper removed from server (not comparable with model; not in fit); end of video observation (final server temperature read)
