bin_index,d_lo_mm,d_hi_mm,d_mid_mm,censored,particle_count,num_fraction,area_fraction,volume_fraction,diameter_eq_mean_mm,diameter_eq_median_mm,aspect_ratio_mean,roundness_mean,surface_to_volume_mm_inv_mean,surface_to_volume_mm_inv_vol_weighted,shell_accessibility_mean,shell_accessibility_volume_weighted
0,0.075,0.125,0.1,0,240,0.06389776357827476,0.0023237785309694996,0.0002644034730403231,0.096987232015827,0.09766095919778915,1.6743697774219,0.7181417665862557,63.39613678328545,58.99566181590254,1.0,1.0
1,0.125,0.25,0.1875,0,750,0.19968051118210864,0.02874106782654359,0.006603214565515843,0.19176082664150204,0.1928649411131679,1.7135751612462324,0.6466919056696868,32.57514025930277,29.21729381773928,1.0,1.0
2,0.25,0.4,0.325,0,1351,0.3596911608093717,0.14160100195580702,0.05240225760216484,0.32037482599310024,0.31796104680476467,1.6234905309363736,0.6661303117138188,19.03918524199528,18.1388114563251,1.0,1.0
3,0.4,0.55,0.47500000000000003,0,645,0.17172523961661343,0.14160579325174716,0.07498358260182082,0.4655213179369741,0.4611831347923934,1.9173336073065281,0.5792925872311648,12.995025320805096,12.676732689077424,0.9951579562408128,0.9936426987147043
4,0.55,0.75,0.65,0,336,0.08945686900958466,0.1373779537141647,0.09930274364284733,0.6352344852203788,0.6268586073422046,2.1507489191565687,0.5183069051342685,9.523938915932563,9.286419389829863,0.9477462954939044,0.9410217672790732
5,0.75,1.0,0.875,0,207,0.05511182108626198,0.15150556892327124,0.14613026526248107,0.8506884401365977,0.8423788480170656,2.1214253368984255,0.5177956398532964,7.098878049069899,6.95954619439136,0.8516127971986025,0.8436475833168117
6,1.0,1.4,1.2,0,165,0.0439297124600639,0.23025626725465453,0.30725055772088733,1.1738364062453979,1.1600707919980957,2.271963477378347,0.49310084295916207,5.152231466538902,5.030501443111034,0.7152028323823999,0.7046205448729896
7,1.4,2.0,1.7,0,57,0.015175718849840255,0.14398323429724627,0.25921844963997365,1.578160198745833,1.5641005552848477,2.200548191121577,0.5035429952057177,3.8353511827925026,3.728537487832389,0.5864610115850392,0.5742927192985687
8,2.0,3.0,2.5,0,5,0.0013312034078807242,0.022605334245596083,0.05384452549126879,2.118714469373571,2.1030012626194803,2.5959627372849976,0.3995447071167864,2.8387233507955303,2.818135538988927,0.46687095267224016,0.4641562536049598
