case,d32_um,S_v_per_m,shell_um,grind_loss_fraction,grind_loss_first_order,pore_volume_ml,diffusion_scenario,D_m2_s,t_s,core_release_fraction,core_release_short_time,storage,age_days,free_co2_in_grounds_mg_g,released_mg_g,released_gas_ml,co2_in_grounds_gas_ml
kinu_29_light/4:12,1069.1600051216233,5611.882198415629,30.0,0.15844309431337505,0.1683564659524689,20.78715064393277,dry_Dref1e-15,2.3229130608444494e-13,35.0,0.018442081592777288,0.018572326275449875,35C,7,3.1754733158641315,0.05856233798685336,0.7973734052883075,43.23662712785053
kinu_29_light/4:12,1069.1600051216233,5611.882198415629,30.0,0.15844309431337505,0.1683564659524689,20.78715064393277,dry_Dref1e-15,2.3229130608444494e-13,35.0,0.018442081592777288,0.018572326275449875,35C,15,2.434366415554251,0.04489478406236828,0.6112786490103944,33.14585969784438
kinu_29_light/4:12,1069.1600051216233,5611.882198415629,30.0,0.15844309431337505,0.1683564659524689,20.78715064393277,dry_Dref1e-15,2.3229130608444494e-13,35.0,0.018442081592777288,0.018572326275449875,23C,7,3.819021158712492,0.07043069981351864,0.9589707118549665,51.99904940397513
kinu_29_light/4:12,1069.1600051216233,5611.882198415629,30.0,0.15844309431337505,0.1683564659524689,20.78715064393277,dry_Dref1e-15,2.3229130608444494e-13,35.0,0.018442081592777288,0.018572326275449875,23C,15,3.456516935011517,0.06374536734229887,0.8679445250374646,47.06326239101929
kinu_29_light/4:12,1069.1600051216233,5611.882198415629,30.0,0.15844309431337505,0.1683564659524689,20.78715064393277,dry_Dref1e-15,2.3229130608444494e-13,180.0,0.04144824731562458,0.042118077079535014,35C,7,3.1754733158641315,0.13161780334010298,1.7920824142885916,43.23662712785053
kinu_29_light/4:12,1069.1600051216233,5611.882198415629,30.0,0.15844309431337505,0.1683564659524689,20.78715064393277,dry_Dref1e-15,2.3229130608444494e-13,180.0,0.04144824731562458,0.042118077079535014,35C,15,2.434366415554251,0.10090022124874311,1.3738377902452472,33.14585969784438
kinu_29_light/4:12,1069.1600051216233,5611.882198415629,30.0,0.15844309431337505,0.1683564659524689,20.78715064393277,dry_Dref1e-15,2.3229130608444494e-13,180.0,0.04144824731562458,0.042118077079535014,23C,7,3.819021158712492,0.1582917334899185,2.155269459873342,51.99904940397513
kinu_29_light/4:12,1069.1600051216233,5611.882198415629,30.0,0.15844309431337505,0.1683564659524689,20.78715064393277,dry_Dref1e-15,2.3229130608444494e-13,180.0,0.04144824731562458,0.042118077079535014,23C,15,3.456516935011517,0.143266568773002,1.9506897390631006,47.06326239101929
kinu_29_light/4:12,1069.1600051216233,5611.882198415629,30.0,0.15844309431337505,0.1683564659524689,20.78715064393277,dry_Dref1e-14,2.3229130608444493e-12,35.0,0.05742841866696479,0.05873085247821334,35C,7,3.1754733158641315,0.18236241104922027,2.4830111244456474,43.23662712785053
kinu_29_light/4:12,1069.1600051216233,5611.882198415629,30.0,0.15844309431337505,0.1683564659524689,20.78715064393277,dry_Dref1e-14,2.3229130608444493e-12,35.0,0.05742841866696479,0.05873085247821334,35C,15,2.434366415554251,0.13980181370124792,1.9035143078042824,33.14585969784438
kinu_29_light/4:12,1069.1600051216233,5611.882198415629,30.0,0.15844309431337505,0.1683564659524689,20.78715064393277,dry_Dref1e-14,2.3229130608444493e-12,35.0,0.05742841866696479,0.05873085247821334,23C,7,3.819021158712492,0.21932034600053796,2.9862231794556693,51.99904940397513
kinu_29_light/4:12,1069.1600051216233,5611.882198415629,30.0,0.15844309431337505,0.1683564659524689,20.78715064393277,dry_Dref1e-14,2.3229130608444493e-12,35.0,0.05742841866696479,0.05873085247821334,23C,15,3.456516935011517,0.19850230167329533,2.702768736424674,47.06326239101929
kinu_29_light/4:12,1069.1600051216233,5611.882198415629,30.0,0.15844309431337505,0.1683564659524689,20.78715064393277,dry_Dref1e-14,2.3229130608444493e-12,180.0,0.1264980181376622,0.13318905423786345,35C,7,3.1754733158641315,0.40169108110584323,5.469347642630172,43.23662712785053
kinu_29_light/4:12,1069.1600051216233,5611.882198415629,30.0,0.15844309431337505,0.1683564659524689,20.78715064393277,dry_Dref1e-14,2.3229130608444493e-12,180.0,0.1264980181376622,0.13318905423786345,35C,15,2.434366415554251,0.30794252698849733,4.192885561246325,33.14585969784438
kinu_29_light/4:12,1069.1600051216233,5611.882198415629,30.0,0.15844309431337505,0.1683564659524689,20.78715064393277,dry_Dref1e-14,2.3229130608444493e-12,180.0,0.1264980181376622,0.13318905423786345,23C,7,3.819021158712492,0.4830986078029285,6.577776694645238,51.99904940397513
kinu_29_light/4:12,1069.1600051216233,5611.882198415629,30.0,0.15844309431337505,0.1683564659524689,20.78715064393277,dry_Dref1e-14,2.3229130608444493e-12,180.0,0.1264980181376622,0.13318905423786345,23C,15,3.456516935011517,0.43724254193822343,5.953409419556714,47.06326239101929
kinu_29_light/4:12,1069.1600051216233,5611.882198415629,30.0,0.15844309431337505,0.1683564659524689,20.78715064393277,wet_model_slow_Deff,1.7807023643035172e-10,35.0,0.41702691008207093,0.5142158918675397,35C,7,3.1754733158641315,1.324257824962887,18.030837013498157,43.23662712785053
kinu_29_light/4:12,1069.1600051216233,5611.882198415629,30.0,0.15844309431337505,0.1683564659524689,20.78715064393277,wet_model_slow_Deff,1.7807023643035172e-10,35.0,0.41702691008207093,0.5142158918675397,35C,15,2.434366415554251,1.0151963042861558,13.822715451805886,33.14585969784438
kinu_29_light/4:12,1069.1600051216233,5611.882198415629,30.0,0.15844309431337505,0.1683564659524689,20.78715064393277,wet_model_slow_Deff,1.7807023643035172e-10,35.0,0.41702691008207093,0.5142158918675397,23C,7,3.819021158712492,1.5926345933559207,21.685002900144696,51.99904940397513
kinu_29_light/4:12,1069.1600051216233,5611.882198415629,30.0,0.15844309431337505,0.1683564659524689,20.78715064393277,wet_model_slow_Deff,1.7807023643035172e-10,35.0,0.41702691008207093,0.5142158918675397,23C,15,3.456516935011517,1.4414605770542033,19.62664689330851,47.06326239101929
kinu_29_light/4:12,1069.1600051216233,5611.882198415629,30.0,0.15844309431337505,0.1683564659524689,20.78715064393277,wet_model_slow_Deff,1.7807023643035172e-10,180.0,0.7243154470539205,1.1661320314961066,35C,7,3.1754733158641315,2.3000443743879235,31.31695690721272,43.23662712785053
kinu_29_light/4:12,1069.1600051216233,5611.882198415629,30.0,0.15844309431337505,0.1683564659524689,20.78715064393277,wet_model_slow_Deff,1.7807023643035172e-10,180.0,0.7243154470539205,1.1661320314961066,35C,15,2.434366415554251,1.7632491985752272,24.008058185030677,33.14585969784438
kinu_29_light/4:12,1069.1600051216233,5611.882198415629,30.0,0.15844309431337505,0.1683564659524689,20.78715064393277,wet_model_slow_Deff,1.7807023643035172e-10,180.0,0.7243154470539205,1.1661320314961066,23C,7,3.819021158712492,2.76617601788122,37.66371471541914,51.99904940397513
kinu_29_light/4:12,1069.1600051216233,5611.882198415629,30.0,0.15844309431337505,0.1683564659524689,20.78715064393277,wet_model_slow_Deff,1.7807023643035172e-10,180.0,0.7243154470539205,1.1661320314961066,23C,15,3.456516935011517,2.5036086090323137,34.08864793856711,47.06326239101929
kinu_27_light/4:12,975.0066218056454,6153.804359695949,30.0,0.17225451709205536,0.18461413079087846,20.78715064393277,dry_Dref1e-15,2.3229130608444494e-13,35.0,0.0201788160470359,0.020337452280821056,35C,7,3.123358237024592,0.0630256713139136,0.8581452838757667,42.52703834930004
kinu_27_light/4:12,975.0066218056454,6153.804359695949,30.0,0.17225451709205536,0.18461413079087846,20.78715064393277,dry_Dref1e-15,2.3229130608444494e-13,35.0,0.0201788160470359,0.020337452280821056,35C,15,2.394414198970622,0.048316443661439,0.6578673006940231,32.60187808643304
kinu_27_light/4:12,975.0066218056454,6153.804359695949,30.0,0.17225451709205536,0.18461413079087846,20.78715064393277,dry_Dref1e-15,2.3229130608444494e-13,35.0,0.0201788160470359,0.020337452280821056,23C,7,3.756344332621132,0.07579858129728766,1.0320587422347958,51.145653928809
kinu_27_light/4:12,975.0066218056454,6153.804359695949,30.0,0.17225451709205536,0.18461413079087846,20.78715064393277,dry_Dref1e-15,2.3229130608444494e-13,35.0,0.0201788160470359,0.020337452280821056,23C,15,3.3997894381440745,0.06860372567096483,0.9340949872254471,46.29087182558749
kinu_27_light/4:12,975.0066218056454,6153.804359695949,30.0,0.17225451709205536,0.18461413079087846,20.78715064393277,dry_Dref1e-15,2.3229130608444494e-13,180.0,0.04530516339462026,0.04612100660202502,35C,7,3.123358237024592,0.1415042552683322,1.9266944211043198,42.52703834930004
kinu_27_light/4:12,975.0066218056454,6153.804359695949,30.0,0.17225451709205536,0.18461413079087846,20.78715064393277,dry_Dref1e-15,2.3229130608444494e-13,180.0,0.04530516339462026,0.04612100660202502,35C,15,2.394414198970622,0.10847932651876283,1.4770334136773386,32.60187808643304
kinu_27_light/4:12,975.0066218056454,6153.804359695949,30.0,0.17225451709205536,0.18461413079087846,20.78715064393277,dry_Dref1e-15,2.3229130608444494e-13,180.0,0.04530516339462026,0.04612100660202502,23C,7,3.756344332621132,0.17018179375585618,2.3171622081693926,51.145653928809
kinu_27_light/4:12,975.0066218056454,6153.804359695949,30.0,0.17225451709205536,0.18461413079087846,20.78715064393277,dry_Dref1e-15,2.3229130608444494e-13,180.0,0.04530516339462026,0.04612100660202502,23C,15,3.3997894381440745,0.15402801600242153,2.097215511737665,46.29087182558749
kinu_27_light/4:12,975.0066218056454,6153.804359695949,30.0,0.17225451709205536,0.18461413079087846,20.78715064393277,dry_Dref1e-14,2.3229130608444493e-12,35.0,0.06272635580099097,0.06431267101238088,35C,7,3.123358237024592,0.19591688006956043,2.667566138660582,42.52703834930004
kinu_27_light/4:12,975.0066218056454,6153.804359695949,30.0,0.17225451709205536,0.18461413079087846,20.78715064393277,dry_Dref1e-14,2.3229130608444493e-12,35.0,0.06272635580099097,0.06431267101238088,35C,15,2.394414198970622,0.150192876979576,2.044997004630129,32.60187808643304
kinu_27_light/4:12,975.0066218056454,6153.804359695949,30.0,0.17225451709205536,0.18461413079087846,20.78715064393277,dry_Dref1e-14,2.3229130608444493e-12,35.0,0.06272635580099097,0.06431267101238088,23C,7,3.756344332621132,0.23562179111902906,3.2081804860128247,51.145653928809
kinu_27_light/4:12,975.0066218056454,6153.804359695949,30.0,0.17225451709205536,0.18461413079087846,20.78715064393277,dry_Dref1e-14,2.3229130608444493e-12,35.0,0.06272635580099097,0.06431267101238088,23C,15,3.3997894381440745,0.21325640194547638,2.903657696469869,46.29087182558749
kinu_27_light/4:12,975.0066218056454,6153.804359695949,30.0,0.17225451709205536,0.18461413079087846,20.78715064393277,dry_Dref1e-14,2.3229130608444493e-12,180.0,0.13770130113297446,0.14584742884206206,35C,7,3.123358237024592,0.43009049314267955,5.856028514030518,42.52703834930004
kinu_27_light/4:12,975.0066218056454,6153.804359695949,30.0,0.17225451709205536,0.18461413079087846,20.78715064393277,dry_Dref1e-14,2.3229130608444493e-12,180.0,0.13770130113297446,0.14584742884206206,35C,15,2.394414198970622,0.32971395064952347,4.489321031880436,32.60187808643304
kinu_27_light/4:12,975.0066218056454,6153.804359695949,30.0,0.17225451709205536,0.18461413079087846,20.78715064393277,dry_Dref1e-14,2.3229130608444493e-12,180.0,0.13770130113297446,0.14584742884206206,23C,7,3.756344332621132,0.5172535021054044,7.0428230932938245,51.145653928809
kinu_27_light/4:12,975.0066218056454,6153.804359695949,30.0,0.17225451709205536,0.18461413079087846,20.78715064393277,dry_Dref1e-14,2.3229130608444493e-12,180.0,0.13770130113297446,0.14584742884206206,23C,15,3.3997894381440745,0.4681554292105833,6.374313280963146,46.29087182558749
kinu_27_light/4:12,975.0066218056454,6153.804359695949,30.0,0.17225451709205536,0.18461413079087846,20.78715064393277,wet_model_slow_Deff,1.1911662320624228e-10,35.0,0.3807117094533175,0.4605388324692083,35C,7,3.123358237024592,1.1890990536527324,16.190541467948808,42.52703834930004
kinu_27_light/4:12,975.0066218056454,6153.804359695949,30.0,0.17225451709205536,0.18461413079087846,20.78715064393277,wet_model_slow_Deff,1.1911662320624228e-10,35.0,0.3807117094533175,0.4605388324692083,35C,15,2.394414198970622,0.9115815228294014,12.411916737674572,32.60187808643304
kinu_27_light/4:12,975.0066218056454,6153.804359695949,30.0,0.17225451709205536,0.18461413079087846,20.78715064393277,wet_model_slow_Deff,1.1911662320624228e-10,35.0,0.3807117094533175,0.4605388324692083,23C,7,3.756344332621132,1.4300842721674722,19.471749338344658,51.145653928809
kinu_27_light/4:12,975.0066218056454,6153.804359695949,30.0,0.17225451709205536,0.18461413079087846,20.78715064393277,wet_model_slow_Deff,1.1911662320624228e-10,35.0,0.3807117094533175,0.4605388324692083,23C,15,3.3997894381440745,1.2943396487771646,17.623476944803826,46.29087182558749
kinu_27_light/4:12,975.0066218056454,6153.804359695949,30.0,0.17225451709205536,0.18461413079087846,20.78715064393277,wet_model_slow_Deff,1.1911662320624228e-10,180.0,0.674316655988482,1.0444039026870544,35C,7,3.123358237024592,2.1061324818445035,28.67669028879394,42.52703834930004
kinu_27_light/4:12,975.0066218056454,6153.804359695949,30.0,0.17225451709205536,0.18461413079087846,20.78715064393277,wet_model_slow_Deff,1.1911662320624228e-10,180.0,0.674316655988482,1.0444039026870544,35C,15,2.394414198970622,1.6145933757012096,21.983989410187696,32.60187808643304
kinu_27_light/4:12,975.0066218056454,6153.804359695949,30.0,0.17225451709205536,0.18461413079087846,20.78715064393277,wet_model_slow_Deff,1.1911662320624228e-10,180.0,0.674316655988482,1.0444039026870544,23C,7,3.756344332621132,2.5329655491143677,34.488366325618635,51.145653928809
kinu_27_light/4:12,975.0066218056454,6153.804359695949,30.0,0.17225451709205536,0.18461413079087846,20.78715064393277,wet_model_slow_Deff,1.1911662320624228e-10,180.0,0.674316655988482,1.0444039026870544,23C,15,3.3997894381440745,2.2925346449942725,31.21470589222159,46.29087182558749
kinu_28_light/4:20,912.2015116409152,6577.494033316048,30.0,0.18383013442047508,0.19732482099948145,20.78715064393277,dry_Dref1e-15,2.3229130608444494e-13,35.0,0.02180094052110514,0.021975665910923866,35C,7,3.0796795936759755,0.06713991164579118,0.914163980129666,41.93231843574266
kinu_28_light/4:20,912.2015116409152,6577.494033316048,30.0,0.18383013442047508,0.19732482099948145,20.78715064393277,dry_Dref1e-15,2.3229130608444494e-13,35.0,0.02180094052110514,0.021975665910923866,35C,15,2.3609294828769176,0.051470483230723195,0.7008120900967069,32.14595670394413
kinu_28_light/4:20,912.2015116409152,6577.494033316048,30.0,0.18383013442047508,0.19732482099948145,20.78715064393277,dry_Dref1e-15,2.3229130608444494e-13,35.0,0.02180094052110514,0.021975665910923866,23C,7,3.703813687095354,0.08074662189362095,1.0994303007386375,50.43040687507481
kinu_28_light/4:20,912.2015116409152,6577.494033316048,30.0,0.18383013442047508,0.19732482099948145,20.78715064393277,dry_Dref1e-15,2.3229130608444494e-13,35.0,0.02180094052110514,0.021975665910923866,23C,15,3.352245039115882,0.07308209470993511,0.9950715891422471,45.64351653447861
kinu_28_light/4:20,912.2015116409152,6577.494033316048,30.0,0.18383013442047508,0.19732482099948145,20.78715064393277,dry_Dref1e-15,2.3229130608444494e-13,180.0,0.048937538248731254,0.049836125910295064,35C,7,3.0796795936759755,0.1507119379093552,2.052064437307135,41.93231843574266
kinu_28_light/4:20,912.2015116409152,6577.494033316048,30.0,0.18383013442047508,0.19732482099948145,20.78715064393277,dry_Dref1e-15,2.3229130608444494e-13,180.0,0.048937538248731254,0.049836125910295064,35C,15,2.3609294828769176,0.11553807687084645,1.573143985741324,32.14595670394413
kinu_28_light/4:20,912.2015116409152,6577.494033316048,30.0,0.18383013442047508,0.19732482099948145,20.78715064393277,dry_Dref1e-15,2.3229130608444494e-13,180.0,0.048937538248731254,0.049836125910295064,23C,7,3.703813687095354,0.18125552397840322,2.4679399653480534,50.43040687507481
kinu_28_light/4:20,912.2015116409152,6577.494033316048,30.0,0.18383013442047508,0.19732482099948145,20.78715064393277,dry_Dref1e-15,2.3229130608444494e-13,180.0,0.048937538248731254,0.049836125910295064,23C,15,3.352245039115882,0.16405061982085306,2.2336813362126446,45.64351653447861
kinu_28_light/4:20,912.2015116409152,6577.494033316048,30.0,0.18383013442047508,0.19732482099948145,20.78715064393277,dry_Dref1e-14,2.3229130608444493e-12,35.0,0.06774592498181556,0.06949315737743833,35C,7,3.0796795936759755,0.20863574272120086,2.840743699061423,41.93231843574266
kinu_28_light/4:20,912.2015116409152,6577.494033316048,30.0,0.18383013442047508,0.19732482099948145,20.78715064393277,dry_Dref1e-14,2.3229130608444493e-12,35.0,0.06774592498181556,0.06949315737743833,35C,15,2.3609294828769176,0.15994335163433626,2.17775757133409,32.14595670394413
kinu_28_light/4:20,912.2015116409152,6577.494033316048,30.0,0.18383013442047508,0.19732482099948145,20.78715064393277,dry_Dref1e-14,2.3229130608444493e-12,35.0,0.06774592498181556,0.06949315737743833,23C,7,3.703813687095354,0.25091828419258355,3.4164545609612538,50.43040687507481
kinu_28_light/4:20,912.2015116409152,6577.494033316048,30.0,0.18383013442047508,0.19732482099948145,20.78715064393277,dry_Dref1e-14,2.3229130608444493e-12,35.0,0.06774592498181556,0.06949315737743833,23C,15,3.352245039115882,0.2271009409406079,3.092162247051047,45.64351653447861
kinu_28_light/4:20,912.2015116409152,6577.494033316048,30.0,0.18383013442047508,0.19732482099948145,20.78715064393277,dry_Dref1e-14,2.3229130608444493e-12,180.0,0.1486211394941369,0.15759566763546465,35C,7,3.0796795936759755,0.45770549048896403,6.232028947551077,41.93231843574266
kinu_28_light/4:20,912.2015116409152,6577.494033316048,30.0,0.18383013442047508,0.19732482099948145,20.78715064393277,dry_Dref1e-14,2.3229130608444493e-12,180.0,0.1486211394941369,0.15759566763546465,35C,15,2.3609294828769176,0.3508840300104709,4.777568715469365,32.14595670394413
kinu_28_light/4:20,912.2015116409152,6577.494033316048,30.0,0.18383013442047508,0.19732482099948145,20.78715064393277,dry_Dref1e-14,2.3229130608444493e-12,180.0,0.1486211394941369,0.15759566763546465,23C,7,3.703813687095354,0.5504650106500922,7.495024534926575,50.43040687507481
kinu_28_light/4:20,912.2015116409152,6577.494033316048,30.0,0.18383013442047508,0.19732482099948145,20.78715064393277,dry_Dref1e-14,2.3229130608444493e-12,180.0,0.1486211394941369,0.15759566763546465,23C,15,3.352245039115882,0.49821447757696996,6.7835914378736915,45.64351653447861
kinu_28_light/4:20,912.2015116409152,6577.494033316048,30.0,0.18383013442047508,0.19732482099948145,20.78715064393277,wet_model_slow_Deff,2.6369716098883755e-10,35.0,0.5515480893105679,0.7404202589446628,35C,7,3.0796795936759755,1.6985913955807304,23.127690113596163,41.93231843574266
kinu_28_light/4:20,912.2015116409152,6577.494033316048,30.0,0.18383013442047508,0.19732482099948145,20.78715064393277,wet_model_slow_Deff,2.6369716098883755e-10,35.0,0.5515480893105679,0.7404202589446628,35C,15,2.3609294828769176,1.3021661452777509,17.730040999120618,32.14595670394413
kinu_28_light/4:20,912.2015116409152,6577.494033316048,30.0,0.18383013442047508,0.19732482099948145,20.78715064393277,wet_model_slow_Deff,2.6369716098883755e-10,35.0,0.5515480893105679,0.7404202589446628,23C,7,3.703813687095354,2.042831362279772,27.814794555102036,50.43040687507481
kinu_28_light/4:20,912.2015116409152,6577.494033316048,30.0,0.18383013442047508,0.19732482099948145,20.78715064393277,wet_model_slow_Deff,2.6369716098883755e-10,35.0,0.5515480893105679,0.7404202589446628,23C,15,3.352245039115882,1.8489243462251945,25.17459433400699,45.64351653447861
kinu_28_light/4:20,912.2015116409152,6577.494033316048,30.0,0.18383013442047508,0.19732482099948145,20.78715064393277,wet_model_slow_Deff,2.6369716098883755e-10,180.0,0.8688394852686389,1.6791153178642502,35C,7,3.0796795936759755,2.6757472329617653,36.43245396583129,41.93231843574266
kinu_28_light/4:20,912.2015116409152,6577.494033316048,30.0,0.18383013442047508,0.19732482099948145,20.78715064393277,wet_model_slow_Deff,2.6369716098883755e-10,180.0,0.8688394852686389,1.6791153178642502,35C,15,2.3609294828769176,2.051268756658335,27.92967647612277,32.14595670394413
kinu_28_light/4:20,912.2015116409152,6577.494033316048,30.0,0.18383013442047508,0.19732482099948145,20.78715064393277,wet_model_slow_Deff,2.6369716098883755e-10,180.0,0.8688394852686389,1.6791153178642502,23C,7,3.703813687095354,3.218019577426867,43.815928751228014,50.43040687507481
kinu_28_light/4:20,912.2015116409152,6577.494033316048,30.0,0.18383013442047508,0.19732482099948145,20.78715064393277,wet_model_slow_Deff,2.6369716098883755e-10,180.0,0.8688394852686389,1.6791153178642502,23C,15,3.352245039115882,2.9125628542797912,39.656889411667,45.64351653447861
