case,tds_obs_gl,shell_um,tau_tort,tds_model_gl
kinu_29_light/4:12,11.560000000000002,10,1.0,19.022382168570694
kinu_29_light/4:12,11.560000000000002,10,1.2589254117941673,17.795769245289378
kinu_29_light/4:12,11.560000000000002,10,1.5848931924611136,16.492390442033766
kinu_29_light/4:12,11.560000000000002,10,1.9952623149688797,15.147195242197371
kinu_29_light/4:12,11.560000000000002,10,2.51188643150958,13.794906088999692
kinu_29_light/4:12,11.560000000000002,10,3.1622776601683795,12.4672478489785
kinu_29_light/4:12,11.560000000000002,10,3.981071705534973,11.190885138968905
kinu_29_light/4:12,11.560000000000002,10,5.011872336272724,9.986354259649568
kinu_29_light/4:12,11.560000000000002,10,6.309573444801933,8.867892852922438
kinu_29_light/4:12,11.560000000000002,10,7.943282347242816,7.843878216526499
kinu_29_light/4:12,11.560000000000002,10,10.0,6.917716106634949
kinu_29_light/4:12,11.560000000000002,10,12.589254117941675,6.089062290581125
kinu_29_light/4:12,11.560000000000002,10,15.848931924611142,5.355061246701406
kinu_29_light/4:12,11.560000000000002,10,19.952623149688797,4.711255525081968
kinu_29_light/4:12,11.560000000000002,10,25.11886431509581,4.1520639551266445
kinu_29_light/4:12,11.560000000000002,10,31.622776601683793,3.6710203090755176
kinu_29_light/4:12,11.560000000000002,10,39.810717055349734,3.2609972273846957
kinu_29_light/4:12,11.560000000000002,10,50.11872336272725,2.9145023401943835
kinu_29_light/4:12,11.560000000000002,10,63.09573444801933,2.624003212858929
kinu_29_light/4:12,11.560000000000002,10,79.43282347242817,2.382208555266729
kinu_29_light/4:12,11.560000000000002,10,100.0,2.1822741927554983
kinu_29_light/4:12,11.560000000000002,15,1.0,19.192310661091284
kinu_29_light/4:12,11.560000000000002,15,1.2589254117941673,18.000083235647896
kinu_29_light/4:12,11.560000000000002,15,1.5848931924611136,16.731714175858592
kinu_29_light/4:12,11.560000000000002,15,1.9952623149688797,15.421403254697827
kinu_29_light/4:12,11.560000000000002,15,2.51188643150958,14.103260696213113
kinu_29_light/4:12,11.560000000000002,15,3.1622776601683795,12.80858506569739
kinu_29_light/4:12,11.560000000000002,15,3.981071705534973,11.56377450454382
kinu_29_light/4:12,11.560000000000002,15,5.011872336272724,10.389192853186175
kinu_29_light/4:12,11.560000000000002,15,6.309573444801933,9.298989292107693
kinu_29_light/4:12,11.560000000000002,15,7.943282347242816,8.301516803936355
kinu_29_light/4:12,11.560000000000002,15,10.0,7.400153041516387
kinu_29_light/4:12,11.560000000000002,15,12.589254117941675,6.594432382815748
kinu_29_light/4:12,11.560000000000002,15,15.848931924611142,5.881288826007666
kinu_29_light/4:12,11.560000000000002,15,19.952623149688797,5.256060456727086
kinu_29_light/4:12,11.560000000000002,15,25.11886431509581,4.713080358303701
kinu_29_light/4:12,11.560000000000002,15,31.622776601683793,4.245944847018557
kinu_29_light/4:12,11.560000000000002,15,39.810717055349734,3.8476999307366375
kinu_29_light/4:12,11.560000000000002,15,50.11872336272725,3.5110714421099143
kinu_29_light/4:12,11.560000000000002,15,63.09573444801933,3.228751056953211
kinu_29_light/4:12,11.560000000000002,15,79.43282347242817,2.993665592698644
kinu_29_light/4:12,11.560000000000002,15,100.0,2.7991810066906684
kinu_29_light/4:12,11.560000000000002,20,1.0,19.358967359229887
kinu_29_light/4:12,11.560000000000002,20,1.2589254117941673,18.20034656912074
kinu_29_light/4:12,11.560000000000002,20,1.5848931924611136,16.96622719441911
kinu_29_light/4:12,11.560000000000002,20,1.9952623149688797,15.690046548061442
kinu_29_light/4:12,11.560000000000002,20,2.51188643150958,14.405299453955317
kinu_29_light/4:12,11.560000000000002,20,3.1622776601683795,13.142836985097365
kinu_29_light/4:12,11.560000000000002,20,3.981071705534973,11.92878127503779
kinu_29_light/4:12,11.560000000000002,20,5.011872336272724,10.783324413112734
kinu_29_light/4:12,11.560000000000002,20,6.309573444801933,9.72051965153988
kinu_29_light/4:12,11.560000000000002,20,7.943282347242816,8.74869868851952
kinu_29_light/4:12,11.560000000000002,20,10.0,7.871245787558497
kinu_29_light/4:12,11.560000000000002,20,12.589254117941675,7.087642754116006
kinu_29_light/4:12,11.560000000000002,20,15.848931924611142,6.394669708216887
kinu_29_light/4:12,11.560000000000002,20,19.952623149688797,5.787476983808876
kinu_29_light/4:12,11.560000000000002,20,25.11886431509581,5.260284524928895
kinu_29_light/4:12,11.560000000000002,20,31.622776601683793,4.806716688149546
kinu_29_light/4:12,11.560000000000002,20,39.810717055349734,4.419970348797507
kinu_29_light/4:12,11.560000000000002,20,50.11872336272725,4.092985097710771
kinu_29_light/4:12,11.560000000000002,20,63.09573444801933,3.8186785474101725
kinu_29_light/4:12,11.560000000000002,20,79.43282347242817,3.590189796231722
kinu_29_light/4:12,11.560000000000002,20,100.0,3.4010829746059663
kinu_29_light/4:12,11.560000000000002,30,1.0,19.680652018041876
kinu_29_light/4:12,11.560000000000002,30,1.2589254117941673,18.58696121989238
kinu_29_light/4:12,11.560000000000002,30,1.5848931924611136,17.419108429429347
kinu_29_light/4:12,11.560000000000002,30,1.9952623149688797,16.20901245968429
kinu_29_light/4:12,11.560000000000002,30,2.51188643150958,14.988892251585531
kinu_29_light/4:12,11.560000000000002,30,3.1622776601683795,13.788663615562788
kinu_29_light/4:12,11.560000000000002,30,3.981071705534973,12.63385575769988
kinu_29_light/4:12,11.560000000000002,30,5.011872336272724,11.544327075238225
kinu_29_light/4:12,11.560000000000002,30,6.309573444801933,10.533930794876769
kinu_29_light/4:12,11.560000000000002,30,7.943282347242816,9.610935844334834
kinu_29_light/4:12,11.560000000000002,30,10.0,8.778787639405152
kinu_29_light/4:12,11.560000000000002,30,12.589254117941675,8.037016896022703
kinu_29_light/4:12,11.560000000000002,30,15.848931924611142,7.382292058439191
kinu_29_light/4:12,11.560000000000002,30,19.952623149688797,6.809496483692563
kinu_29_light/4:12,11.560000000000002,30,25.11886431509581,6.312599751524211
kinu_29_light/4:12,11.560000000000002,30,31.622776601683793,5.885171576238681
kinu_29_light/4:12,11.560000000000002,30,39.810717055349734,5.520607552543452
kinu_29_light/4:12,11.560000000000002,30,50.11872336272725,5.212231383640393
kinu_29_light/4:12,11.560000000000002,30,63.09573444801933,4.9534094135415065
kinu_29_light/4:12,11.560000000000002,30,79.43282347242817,4.737714556959059
kinu_29_light/4:12,11.560000000000002,30,100.0,4.559095402740814
kinu_29_light/4:12,11.560000000000002,50,1.0,20.270454618838436
kinu_29_light/4:12,11.560000000000002,50,1.2589254117941673,19.29783165689218
kinu_29_light/4:12,11.560000000000002,50,1.5848931924611136,18.253943257448682
kinu_29_light/4:12,11.560000000000002,50,1.9952623149688797,17.167701005207434
kinu_29_light/4:12,11.560000000000002,50,2.51188643150958,16.068721462008348
kinu_29_light/4:12,11.560000000000002,50,3.1622776601683795,14.984883710981313
kinu_29_light/4:12,11.560000000000002,50,3.981071705534973,13.940366301718434
kinu_29_light/4:12,11.560000000000002,50,5.011872336272724,12.954312823378618
kinu_29_light/4:12,11.560000000000002,50,6.309573444801933,12.040252656396559
kinu_29_light/4:12,11.560000000000002,50,7.943282347242816,11.206292962044353
kinu_29_light/4:12,11.560000000000002,50,10.0,10.455928943220758
kinu_29_light/4:12,11.560000000000002,50,12.589254117941675,9.788984978069026
kinu_29_light/4:12,11.560000000000002,50,15.848931924611142,9.202472598070605
kinu_29_light/4:12,11.560000000000002,50,19.952623149688797,8.69139600485653
kinu_29_light/4:12,11.560000000000002,50,25.11886431509581,8.249570414663427
kinu_29_light/4:12,11.560000000000002,50,31.622776601683793,7.8703467873094946
kinu_29_light/4:12,11.560000000000002,50,39.810717055349734,7.547106964523826
kinu_29_light/4:12,11.560000000000002,50,50.11872336272725,7.273512547100452
kinu_29_light/4:12,11.560000000000002,50,63.09573444801933,7.043580962256006
kinu_29_light/4:12,11.560000000000002,50,79.43282347242817,6.851696773271312
kinu_29_light/4:12,11.560000000000002,50,100.0,6.692622853389053
kinu_29_light/4:12,11.560000000000002,75,1.0,20.900283249925177
kinu_29_light/4:12,11.560000000000002,75,1.2589254117941673,20.06346830403896
kinu_29_light/4:12,11.560000000000002,75,1.5848931924611136,19.15942667257056
kinu_29_light/4:12,11.560000000000002,75,1.9952623149688797,18.21344253289328
kinu_29_light/4:12,11.560000000000002,75,2.51188643150958,17.25188771196094
kinu_29_light/4:12,11.560000000000002,75,3.1622776601683795,16.300007094660856
kinu_29_light/4:12,11.560000000000002,75,3.981071705534973,15.380024443220405
kinu_29_light/4:12,11.560000000000002,75,5.011872336272724,14.509901516061023
kinu_29_light/4:12,11.560000000000002,75,6.309573444801933,13.702737774182424
kinu_29_light/4:12,11.560000000000002,75,7.943282347242816,12.966677503154374
kinu_29_light/4:12,11.560000000000002,75,10.0,12.305348117635807
kinu_29_light/4:12,11.560000000000002,75,12.589254117941675,11.718746007121036
kinu_29_light/4:12,11.560000000000002,75,15.848931924611142,11.204273696666748
kinu_29_light/4:12,11.560000000000002,75,19.952623149688797,10.757601851514197
kinu_29_light/4:12,11.560000000000002,75,25.11886431509581,10.37326069334804
kinu_29_light/4:12,11.560000000000002,75,31.622776601683793,10.045100781189541
kinu_29_light/4:12,11.560000000000002,75,39.810717055349734,9.766730469419349
kinu_29_light/4:12,11.560000000000002,75,50.11872336272725,9.531914762378145
kinu_29_light/4:12,11.560000000000002,75,63.09573444801933,9.334852026720835
kinu_29_light/4:12,11.560000000000002,75,79.43282347242817,9.170305894969099
kinu_29_light/4:12,11.560000000000002,75,100.0,9.033615743570197
kinu_29_light/4:12,11.560000000000002,100,1.0,21.41900145404645
kinu_29_light/4:12,11.560000000000002,100,1.2589254117941673,20.702044565266487
kinu_29_light/4:12,11.560000000000002,100,1.5848931924611136,19.922255252440994
kinu_29_light/4:12,11.560000000000002,100,1.9952623149688797,19.10159508451418
kinu_29_light/4:12,11.560000000000002,100,2.51188643150958,18.263262818402023
kinu_29_light/4:12,11.560000000000002,100,3.1622776601683795,17.42985899084973
kinu_29_light/4:12,11.560000000000002,100,3.981071705534973,16.621636570484856
kinu_29_light/4:12,11.560000000000002,100,5.011872336272724,15.855179095546168
kinu_29_light/4:12,11.560000000000002,100,6.309573444801933,15.142798381714648
kinu_29_light/4:12,11.560000000000002,100,7.943282347242816,14.49252116213497
kinu_29_light/4:12,11.560000000000002,100,10.0,13.908382833442909
kinu_29_light/4:12,11.560000000000002,100,12.589254117941675,13.390932511807442
kinu_29_light/4:12,11.560000000000002,100,15.848931924611142,12.937982382956081
kinu_29_light/4:12,11.560000000000002,100,19.952623149688797,12.545510392670089
kinu_29_light/4:12,11.560000000000002,100,25.11886431509581,12.20848656828087
kinu_29_light/4:12,11.560000000000002,100,31.622776601683793,11.921456015232003
kinu_29_light/4:12,11.560000000000002,100,39.810717055349734,11.678870769989825
kinu_29_light/4:12,11.560000000000002,100,50.11872336272725,11.475258474375607
kinu_29_light/4:12,11.560000000000002,100,63.09573444801933,11.30535846322026
kinu_29_light/4:12,11.560000000000002,100,79.43282347242817,11.164263052281747
kinu_29_light/4:12,11.560000000000002,100,100.0,11.04753841215419
kinu_29_light/4:12,11.560000000000002,150,1.0,22.20521130646558
kinu_29_light/4:12,11.560000000000002,150,1.2589254117941673,21.685835942081106
kinu_29_light/4:12,11.560000000000002,150,1.5848931924611136,21.11274903182925
kinu_29_light/4:12,11.560000000000002,150,1.9952623149688797,20.502326068246997
kinu_29_light/4:12,11.560000000000002,150,2.51188643150958,19.87237704502797
kinu_29_light/4:12,11.560000000000002,150,3.1622776601683795,19.240447753270793
kinu_29_light/4:12,11.560000000000002,150,3.981071705534973,18.622630534576114
kinu_29_light/4:12,11.560000000000002,150,5.011872336272724,18.032710891730268
kinu_29_light/4:12,11.560000000000002,150,6.309573444801933,17.481450877786575
kinu_29_light/4:12,11.560000000000002,150,7.943282347242816,16.976174983383874
kinu_29_light/4:12,11.560000000000002,150,10.0,16.52086394249834
kinu_29_light/4:12,11.560000000000002,150,12.589254117941675,16.116687741348922
kinu_29_light/4:12,11.560000000000002,150,15.848931924611142,15.76269107028605
kinu_29_light/4:12,11.560000000000002,150,19.952623149688797,15.456394836926428
kinu_29_light/4:12,11.560000000000002,150,25.11886431509581,15.194249547512879
kinu_29_light/4:12,11.560000000000002,150,31.622776601683793,14.97200205354292
kinu_29_light/4:12,11.560000000000002,150,39.810717055349734,14.78504768390569
kinu_29_light/4:12,11.560000000000002,150,50.11872336272725,14.628768104640645
kinu_29_light/4:12,11.560000000000002,150,63.09573444801933,14.498799131800135
kinu_29_light/4:12,11.560000000000002,150,79.43282347242817,14.39119198363359
kinu_29_light/4:12,11.560000000000002,150,100.0,14.302468315430001
kinu_29_light/4:12,11.560000000000002,200,1.0,22.756702997508995
kinu_29_light/4:12,11.560000000000002,200,1.2589254117941673,22.387313615585818
kinu_29_light/4:12,11.560000000000002,200,1.5848931924611136,21.973603878192293
kinu_29_light/4:12,11.560000000000002,200,1.9952623149688797,21.52699742585553
kinu_29_light/4:12,11.560000000000002,200,2.51188643150958,21.0607635264692
kinu_29_light/4:12,11.560000000000002,200,3.1622776601683795,20.588674925693514
kinu_29_light/4:12,11.560000000000002,200,3.981071705534973,20.12351705181974
kinu_29_light/4:12,11.560000000000002,200,5.011872336272724,19.676112383422417
kinu_29_light/4:12,11.560000000000002,200,6.309573444801933,19.25498226610145
kinu_29_light/4:12,11.560000000000002,200,7.943282347242816,18.866367798499255
kinu_29_light/4:12,11.560000000000002,200,10.0,18.514294763515547
kinu_29_light/4:12,11.560000000000002,200,12.589254117941675,18.20063650750116
kinu_29_light/4:12,11.560000000000002,200,15.848931924611142,17.92530671850384
kinu_29_light/4:12,11.560000000000002,200,19.952623149688797,17.686656113498533
kinu_29_light/4:12,11.560000000000002,200,25.11886431509581,17.48199339617003
kinu_29_light/4:12,11.560000000000002,200,31.622776601683793,17.308079143002004
kinu_29_light/4:12,11.560000000000002,200,39.810717055349734,17.161492918818446
kinu_29_light/4:12,11.560000000000002,200,50.11872336272725,17.038858773107467
kinu_29_light/4:12,11.560000000000002,200,63.09573444801933,16.936968110995434
kinu_29_light/4:12,11.560000000000002,200,79.43282347242817,16.852843159624427
kinu_29_light/4:12,11.560000000000002,200,100.0,16.783774774800072
kinu_29_light/4:12,11.560000000000002,300,1.0,23.31301440547062
kinu_29_light/4:12,11.560000000000002,300,1.2589254117941673,23.136910033206927
kinu_29_light/4:12,11.560000000000002,300,1.5848931924611136,22.932711921913686
kinu_29_light/4:12,11.560000000000002,300,1.9952623149688797,22.706032028311963
kinu_29_light/4:12,11.560000000000002,300,2.51188643150958,22.46393308682077
kinu_29_light/4:12,11.560000000000002,300,3.1622776601683795,22.21365978630685
kinu_29_light/4:12,11.560000000000002,300,3.981071705534973,21.962079823284725
kinu_29_light/4:12,11.560000000000002,300,5.011872336272724,21.71556355135845
kinu_29_light/4:12,11.560000000000002,300,6.309573444801933,21.47982181084461
kinu_29_light/4:12,11.560000000000002,300,7.943282347242816,21.259540278427806
kinu_29_light/4:12,11.560000000000002,300,10.0,21.057993872434896
kinu_29_light/4:12,11.560000000000002,300,12.589254117941675,20.87690056835703
kinu_29_light/4:12,11.560000000000002,300,15.848931924611142,20.71660220227282
kinu_29_light/4:12,11.560000000000002,300,19.952623149688797,20.576449014383392
kinu_29_light/4:12,11.560000000000002,300,25.11886431509581,20.455196317419563
kinu_29_light/4:12,11.560000000000002,300,31.622776601683793,20.351294964856326
kinu_29_light/4:12,11.560000000000002,300,39.810717055349734,20.263064451272356
kinu_29_light/4:12,11.560000000000002,300,50.11872336272725,20.18878641986633
kinu_29_light/4:12,11.560000000000002,300,63.09573444801933,20.126763850807773
kinu_29_light/4:12,11.560000000000002,300,79.43282347242817,20.07536390610354
kinu_29_light/4:12,11.560000000000002,300,100.0,20.0330568112031
kinu_27_light/4:12,10.114999999999998,10,1.0,18.39404255372477
kinu_27_light/4:12,10.114999999999998,10,1.2589254117941673,17.400563697732093
kinu_27_light/4:12,10.114999999999998,10,1.5848931924611136,16.312502876957144
kinu_27_light/4:12,10.114999999999998,10,1.9952623149688797,15.158342635511369
kinu_27_light/4:12,10.114999999999998,10,2.51188643150958,13.967784509331242
kinu_27_light/4:12,10.114999999999998,10,3.1622776601683795,12.769541695910206
kinu_27_light/4:12,10.114999999999998,10,3.981071705534973,11.589640293658963
kinu_27_light/4:12,10.114999999999998,10,5.011872336272724,10.450227643411612
kinu_27_light/4:12,10.114999999999998,10,6.309573444801933,9.368876571804705
kinu_27_light/4:12,10.114999999999998,10,7.943282347242816,8.358296332518604
kinu_27_light/4:12,10.114999999999998,10,10.0,7.426509138803089
kinu_27_light/4:12,10.114999999999998,10,12.589254117941675,6.577575753591579
kinu_27_light/4:12,10.114999999999998,10,15.848931924611142,5.812633760207596
kinu_27_light/4:12,10.114999999999998,10,19.952623149688797,5.130772193413179
kinu_27_light/4:12,10.114999999999998,10,25.11886431509581,4.529498948290374
kinu_27_light/4:12,10.114999999999998,10,31.622776601683793,4.004936956941108
kinu_27_light/4:12,10.114999999999998,10,39.810717055349734,3.5520096500568314
kinu_27_light/4:12,10.114999999999998,10,50.11872336272725,3.1647404999564728
kinu_27_light/4:12,10.114999999999998,10,63.09573444801933,2.8366207778047663
kinu_27_light/4:12,10.114999999999998,10,79.43282347242817,2.560961039122194
kinu_27_light/4:12,10.114999999999998,10,100.0,2.3311728985820874
kinu_27_light/4:12,10.114999999999998,15,1.0,18.52300294766907
kinu_27_light/4:12,10.114999999999998,15,1.2589254117941673,17.560398654036206
kinu_27_light/4:12,10.114999999999998,15,1.5848931924611136,16.5046368374593
kinu_27_light/4:12,10.114999999999998,15,1.9952623149688797,15.383626455310676
kinu_27_light/4:12,10.114999999999998,15,2.51188643150958,14.226566276144752
kinu_27_light/4:12,10.114999999999998,15,3.1622776601683795,13.061706514591258
kinu_27_light/4:12,10.114999999999998,15,3.981071705534973,11.914651983245976
kinu_27_light/4:12,10.114999999999998,15,5.011872336272724,10.807181331453767
kinu_27_light/4:12,10.114999999999998,15,6.309573444801933,9.756585063644884
kinu_27_light/4:12,10.114999999999998,15,7.943282347242816,8.775408935679808
kinu_27_light/4:12,10.114999999999998,15,10.0,7.871567667859404
kinu_27_light/4:12,10.114999999999998,15,12.589254117941675,7.048943382095515
kinu_27_light/4:12,10.114999999999998,15,15.848931924611142,6.308375150949964
kinu_27_light/4:12,10.114999999999998,15,19.952623149688797,5.648626249658532
kinu_27_light/4:12,10.114999999999998,15,25.11886431509581,5.066989827065738
kinu_27_light/4:12,10.114999999999998,15,31.622776601683793,4.559548926907591
kinu_27_light/4:12,10.114999999999998,15,39.810717055349734,4.121327145617939
kinu_27_light/4:12,10.114999999999998,15,50.11872336272725,3.7465225980786814
kinu_27_light/4:12,10.114999999999998,15,63.09573444801933,3.428831424216172
kinu_27_light/4:12,10.114999999999998,15,79.43282347242817,3.1617826754120193
kinu_27_light/4:12,10.114999999999998,15,100.0,2.9390176727891735
kinu_27_light/4:12,10.114999999999998,20,1.0,18.649908026123466
kinu_27_light/4:12,10.114999999999998,20,1.2589254117941673,17.717394067923077
kinu_27_light/4:12,10.114999999999998,20,1.5848931924611136,16.693118969708834
kinu_27_light/4:12,10.114999999999998,20,1.9952623149688797,15.604408515994622
kinu_27_light/4:12,10.114999999999998,20,2.51188643150958,14.479957952648542
kinu_27_light/4:12,10.114999999999998,20,3.1622776601683795,13.34755807798536
kinu_27_light/4:12,10.114999999999998,20,3.981071705534973,12.232399552646955
kinu_27_light/4:12,10.114999999999998,20,5.011872336272724,11.155895493788519
kinu_27_light/4:12,10.114999999999998,20,6.309573444801933,10.135044032622448
kinu_27_light/4:12,10.114999999999998,20,7.943282347242816,9.182213899308216
kinu_27_light/4:12,10.114999999999998,20,10.0,8.305235788893091
kinu_27_light/4:12,10.114999999999998,20,12.589254117941675,7.507886188094016
kinu_27_light/4:12,10.114999999999998,20,15.848931924611142,6.790783708741103
kinu_27_light/4:12,10.114999999999998,20,19.952623149688797,6.152400343349991
kinu_27_light/4:12,10.114999999999998,20,25.11886431509581,5.589797905136634
kinu_27_light/4:12,10.114999999999998,20,31.622776601683793,5.098983711437503
kinu_27_light/4:12,10.114999999999998,20,39.810717055349734,4.6750621036412365
kinu_27_light/4:12,10.114999999999998,20,50.11872336272725,4.31240298810016
kinu_27_light/4:12,10.114999999999998,20,63.09573444801933,4.004907452247915
kinu_27_light/4:12,10.114999999999998,20,79.43282347242817,3.746315194133258
kinu_27_light/4:12,10.114999999999998,20,100.0,3.530479382607707
kinu_27_light/4:12,10.114999999999998,30,1.0,18.89513891200463
kinu_27_light/4:12,10.114999999999998,30,1.2589254117941673,18.020523988446023
kinu_27_light/4:12,10.114999999999998,30,1.5848931924611136,17.05687669275944
kinu_27_light/4:12,10.114999999999998,30,1.9952623149688797,16.030321702230594
kinu_27_light/4:12,10.114999999999998,30,2.51188643150958,14.968544366662925
kinu_27_light/4:12,10.114999999999998,30,3.1622776601683795,13.898428327801781
kinu_27_light/4:12,10.114999999999998,30,3.981071705534973,12.844353518575662
kinu_27_light/4:12,10.114999999999998,30,5.011872336272724,11.82702668252886
kinu_27_light/4:12,10.114999999999998,30,6.309573444801933,10.862852380803966
kinu_27_light/4:12,10.114999999999998,30,7.943282347242816,9.963791540524914
kinu_27_light/4:12,10.114999999999998,30,10.0,9.137506835244624
kinu_27_light/4:12,10.114999999999998,30,12.589254117941675,8.38770992387462
kinu_27_light/4:12,10.114999999999998,30,15.848931924611142,7.714819465788847
kinu_27_light/4:12,10.114999999999998,30,19.952623149688797,7.116899068307982
kinu_27_light/4:12,10.114999999999998,30,25.11886431509581,6.590557156491384
kinu_27_light/4:12,10.114999999999998,30,31.622776601683793,6.131548545588819
kinu_27_light/4:12,10.114999999999998,30,39.810717055349734,5.7350311812278845
kinu_27_light/4:12,10.114999999999998,30,50.11872336272725,5.395675438577939
kinu_27_light/4:12,10.114999999999998,30,63.09573444801933,5.107794742338291
kinu_27_light/4:12,10.114999999999998,30,79.43282347242817,4.865555320213804
kinu_27_light/4:12,10.114999999999998,30,100.0,4.663212943624231
kinu_27_light/4:12,10.114999999999998,50,1.0,19.339187841875894
kinu_27_light/4:12,10.114999999999998,50,1.2589254117941673,18.571684585196994
kinu_27_light/4:12,10.114999999999998,50,1.5848931924611136,17.72047238902032
kinu_27_light/4:12,10.114999999999998,50,1.9952623149688797,16.80912982320866
kinu_27_light/4:12,10.114999999999998,50,2.51188643150958,15.863276743809715
kinu_27_light/4:12,10.114999999999998,50,3.1622776601683795,14.908033871579251
kinu_27_light/4:12,10.114999999999998,50,3.981071705534973,13.966212396625256
kinu_27_light/4:12,10.114999999999998,50,5.011872336272724,13.057198437404846
kinu_27_light/4:12,10.114999999999998,50,6.309573444801933,12.196312124428738
kinu_27_light/4:12,10.114999999999998,50,7.943282347242816,11.394634117749604
kinu_27_light/4:12,10.114999999999998,50,10.0,10.659279723078132
kinu_27_light/4:12,10.114999999999998,50,12.589254117941675,9.993868341950192
kinu_27_light/4:12,10.114999999999998,50,15.848931924611142,9.398985914478121
kinu_27_light/4:12,10.114999999999998,50,19.952623149688797,8.872714070376249
kinu_27_light/4:12,10.114999999999998,50,25.11886431509581,8.41133581390613
kinu_27_light/4:12,10.114999999999998,50,31.622776601683793,8.010109228439708
kinu_27_light/4:12,10.114999999999998,50,39.810717055349734,7.663887875646062
kinu_27_light/4:12,10.114999999999998,50,50.11872336272725,7.367466567707054
kinu_27_light/4:12,10.114999999999998,50,63.09573444801933,7.115713385834959
kinu_27_light/4:12,10.114999999999998,50,79.43282347242817,6.903598136124254
kinu_27_light/4:12,10.114999999999998,50,100.0,6.726227530144981
kinu_27_light/4:12,10.114999999999998,75,1.0,19.796985572212613
kinu_27_light/4:12,10.114999999999998,75,1.2589254117941673,19.148239195134614
kinu_27_light/4:12,10.114999999999998,75,1.5848931924611136,18.42243527488523
kinu_27_light/4:12,10.114999999999998,75,1.9952623149688797,17.639771220956643
kinu_27_light/4:12,10.114999999999998,75,2.51188643150958,16.8230946588774
kinu_27_light/4:12,10.114999999999998,75,3.1622776601683795,15.995376491408333
kinu_27_light/4:12,10.114999999999998,75,3.981071705534973,15.177628263674523
kinu_27_light/4:12,10.114999999999998,75,5.011872336272724,14.387667949845218
kinu_27_light/4:12,10.114999999999998,75,6.309573444801933,13.639602462700823
kinu_27_light/4:12,10.114999999999998,75,7.943282347242816,12.943669944562162
kinu_27_light/4:12,10.114999999999998,75,10.0,12.30634338071637
kinu_27_light/4:12,10.114999999999998,75,12.589254117941675,11.730776601605708
kinu_27_light/4:12,10.114999999999998,75,15.848931924611142,11.217481450156631
kinu_27_light/4:12,10.114999999999998,75,19.952623149688797,10.76495993888135
kinu_27_light/4:12,10.114999999999998,75,25.11886431509581,10.370153091378087
kinu_27_light/4:12,10.114999999999998,75,31.622776601683793,10.028816678704164
kinu_27_light/4:12,10.114999999999998,75,39.810717055349734,9.735955140037431
kinu_27_light/4:12,10.114999999999998,75,50.11872336272725,9.486300030989172
kinu_27_light/4:12,10.114999999999998,75,63.09573444801933,9.274704535908652
kinu_27_light/4:12,10.114999999999998,75,79.43282347242817,9.096377234098966
kinu_27_light/4:12,10.114999999999998,75,100.0,8.946958127720345
kinu_27_light/4:12,10.114999999999998,100,1.0,20.1635619580007
kinu_27_light/4:12,10.114999999999998,100,1.2589254117941673,19.61814374938675
kinu_27_light/4:12,10.114999999999998,100,1.5848931924611136,19.002501144387217
kinu_27_light/4:12,10.114999999999998,100,1.9952623149688797,18.333454743336926
kinu_27_light/4:12,10.114999999999998,100,2.51188643150958,17.630838794591263
kinu_27_light/4:12,10.114999999999998,100,3.1622776601683795,16.915292936989367
kinu_27_light/4:12,10.114999999999998,100,3.981071705534973,16.20618595471855
kinu_27_light/4:12,10.114999999999998,100,5.011872336272724,15.520039573019307
kinu_27_light/4:12,10.114999999999998,100,6.309573444801933,14.869807816083448
kinu_27_light/4:12,10.114999999999998,100,7.943282347242816,14.264876151025026
kinu_27_light/4:12,10.114999999999998,100,10.0,13.711319336853684
kinu_27_light/4:12,10.114999999999998,100,12.589254117941675,13.212191708683257
kinu_27_light/4:12,10.114999999999998,100,15.848931924611142,12.767938761920817
kinu_27_light/4:12,10.114999999999998,100,19.952623149688797,12.377004745480917
kinu_27_light/4:12,10.114999999999998,100,25.11886431509581,12.036500777166008
kinu_27_light/4:12,10.114999999999998,100,31.622776601683793,11.742744561294485
kinu_27_light/4:12,10.114999999999998,100,39.810717055349734,11.491591320650263
kinu_27_light/4:12,10.114999999999998,100,50.11872336272725,11.278622281574442
kinu_27_light/4:12,10.114999999999998,100,63.09573444801933,11.099303256371028
kinu_27_light/4:12,10.114999999999998,100,79.43282347242817,10.949175908235912
kinu_27_light/4:12,10.114999999999998,100,100.0,10.82405258339522
kinu_27_light/4:12,10.114999999999998,150,1.0,20.707147266773884
kinu_27_light/4:12,10.114999999999998,150,1.2589254117941673,20.327498611893578
kinu_27_light/4:12,10.114999999999998,150,1.5848931924611136,19.8916005964345
kinu_27_light/4:12,10.114999999999998,150,1.9952623149688797,19.41026763417647
kinu_27_light/4:12,10.114999999999998,150,2.51188643150958,18.89758555343306
kinu_27_light/4:12,10.114999999999998,150,3.1622776601683795,18.369077157537227
kinu_27_light/4:12,10.114999999999998,150,3.981071705534973,17.840089912207823
kinu_27_light/4:12,10.114999999999998,150,5.011872336272724,17.324569203283946
kinu_27_light/4:12,10.114999999999998,150,6.309573444801933,16.8340593196695
kinu_27_light/4:12,10.114999999999998,150,7.943282347242816,16.377021321019484
kinu_27_light/4:12,10.114999999999998,150,10.0,15.958721150884825
kinu_27_light/4:12,10.114999999999998,150,12.589254117941675,15.581689033890026
kinu_27_light/4:12,10.114999999999998,150,15.848931924611142,15.246415653899762
kinu_27_light/4:12,10.114999999999998,150,19.952623149688797,14.951955579542116
kinu_27_light/4:12,10.114999999999998,150,25.11886431509581,14.696310357935163
kinu_27_light/4:12,10.114999999999998,150,31.622776601683793,14.476674758787718
kinu_27_light/4:12,10.114999999999998,150,39.810717055349734,14.289677451438115
kinu_27_light/4:12,10.114999999999998,150,50.11872336272725,14.131664191448483
kinu_27_light/4:12,10.114999999999998,150,63.09573444801933,13.998977088925749
kinu_27_light/4:12,10.114999999999998,150,79.43282347242817,13.888162750431711
kinu_27_light/4:12,10.114999999999998,150,100.0,13.796082290403834
kinu_27_light/4:12,10.114999999999998,200,1.0,21.07944090215299
kinu_27_light/4:12,10.114999999999998,200,1.2589254117941673,20.819660437679122
kinu_27_light/4:12,10.114999999999998,200,1.5848931924611136,20.51723380390284
kinu_27_light/4:12,10.114999999999998,200,1.9952623149688797,20.178372632495677
kinu_27_light/4:12,10.114999999999998,200,2.51188643150958,19.812108896423524
kinu_27_light/4:12,10.114999999999998,200,3.1622776601683795,19.429471801418174
kinu_27_light/4:12,10.114999999999998,200,3.981071705534973,19.04204867406382
kinu_27_light/4:12,10.114999999999998,200,5.011872336272724,18.660610889816358
kinu_27_light/4:12,10.114999999999998,200,6.309573444801933,18.29431121169254
kinu_27_light/4:12,10.114999999999998,200,7.943282347242816,17.950390544081703
kinu_27_light/4:12,10.114999999999998,200,10.0,17.634078158848382
kinu_27_light/4:12,10.114999999999998,200,12.589254117941675,17.34853258595067
kinu_27_light/4:12,10.114999999999998,200,15.848931924611142,17.094904147249494
kinu_27_light/4:12,10.114999999999998,200,19.952623149688797,16.872636465715168
kinu_27_light/4:12,10.114999999999998,200,25.11886431509581,16.679967998571087
kinu_27_light/4:12,10.114999999999998,200,31.622776601683793,16.51446453973935
kinu_27_light/4:12,10.114999999999998,200,39.810717055349734,16.37343000204454
kinu_27_light/4:12,10.114999999999998,200,50.11872336272725,16.254149180259702
kinu_27_light/4:12,10.114999999999998,200,63.09573444801933,16.154000399602747
kinu_27_light/4:12,10.114999999999998,200,79.43282347242817,16.070502917783237
kinu_27_light/4:12,10.114999999999998,200,100.0,16.001342236212796
kinu_27_light/4:12,10.114999999999998,300,1.0,21.45080115612583
kinu_27_light/4:12,10.114999999999998,300,1.2589254117941673,21.334906214536232
kinu_27_light/4:12,10.114999999999998,300,1.5848931924611136,21.1955847482715
kinu_27_light/4:12,10.114999999999998,300,1.9952623149688797,21.035521178279453
kinu_27_light/4:12,10.114999999999998,300,2.51188643150958,20.859122935780576
kinu_27_light/4:12,10.114999999999998,300,3.1622776601683795,20.67129686415536
kinu_27_light/4:12,10.114999999999998,300,3.981071705534973,20.476948670496164
kinu_27_light/4:12,10.114999999999998,300,5.011872336272724,20.281022518684253
kinu_27_light/4:12,10.114999999999998,300,6.309573444801933,20.08850346677347
kinu_27_light/4:12,10.114999999999998,300,7.943282347242816,19.904089496333594
kinu_27_light/4:12,10.114999999999998,300,10.0,19.73166618642946
kinu_27_light/4:12,10.114999999999998,300,12.589254117941675,19.573898423354112
kinu_27_light/4:12,10.114999999999998,300,15.848931924611142,19.432144872332977
kinu_27_light/4:12,10.114999999999998,300,19.952623149688797,19.306670316600627
kinu_27_light/4:12,10.114999999999998,300,25.11886431509581,19.19698433454425
kinu_27_light/4:12,10.114999999999998,300,31.622776601683793,19.10214552315791
kinu_27_light/4:12,10.114999999999998,300,39.810717055349734,19.020968160910215
kinu_27_light/4:12,10.114999999999998,300,50.11872336272725,18.952143129197303
kinu_27_light/4:12,10.114999999999998,300,63.09573444801933,18.894311198529987
kinu_27_light/4:12,10.114999999999998,300,79.43282347242817,18.846122139978117
kinu_27_light/4:12,10.114999999999998,300,100.0,18.806268443230536
kinu_28_light/4:20,13.600000000000001,10,1.0,18.881399044951557
kinu_28_light/4:20,13.600000000000001,10,1.2589254117941673,17.634768984218862
kinu_28_light/4:20,13.600000000000001,10,1.5848931924611136,16.313439496260205
kinu_28_light/4:20,13.600000000000001,10,1.9952623149688797,14.956576739347666
kinu_28_light/4:20,13.600000000000001,10,2.51188643150958,13.600887516035082
kinu_28_light/4:20,13.600000000000001,10,3.1622776601683795,12.278337978382062
kinu_28_light/4:20,13.600000000000001,10,3.981071705534973,11.014722172806037
kinu_28_light/4:20,13.600000000000001,10,5.011872336272724,9.8289400166301
kinu_28_light/4:20,13.600000000000001,10,6.309573444801933,8.733066857371744
kinu_28_light/4:20,13.600000000000001,10,7.943282347242816,7.733338102698756
kinu_28_light/4:20,13.600000000000001,10,10.0,6.8317124492165044
kinu_28_light/4:20,13.600000000000001,10,12.589254117941675,6.027315961995185
kinu_28_light/4:20,13.600000000000001,10,15.848931924611142,5.317308749855041
kinu_28_light/4:20,13.600000000000001,10,19.952623149688797,4.697259506266407
kinu_28_light/4:20,13.600000000000001,10,25.11886431509581,4.161372372997423
kinu_28_light/4:20,13.600000000000001,10,31.622776601683793,3.702789163597661
kinu_28_light/4:20,13.600000000000001,10,39.810717055349734,3.3139842128944377
kinu_28_light/4:20,13.600000000000001,10,50.11872336272725,2.987164935284481
kinu_28_light/4:20,13.600000000000001,10,63.09573444801933,2.7146119835359297
kinu_28_light/4:20,13.600000000000001,10,79.43282347242817,2.488936663386932
kinu_28_light/4:20,13.600000000000001,10,100.0,2.3032653528052247
kinu_28_light/4:20,13.600000000000001,15,1.0,19.09077389924732
kinu_28_light/4:20,13.600000000000001,15,1.2589254117941673,17.88517553818689
kinu_28_light/4:20,13.600000000000001,15,1.5848931924611136,16.604816871961837
kinu_28_light/4:20,13.600000000000001,15,1.9952623149688797,15.288188730450653
kinu_28_light/4:20,13.600000000000001,15,2.51188643150958,13.971503889055562
kinu_28_light/4:20,13.600000000000001,15,3.1622776601683795,12.68637850961806
kinu_28_light/4:20,13.600000000000001,15,3.981071705534973,11.458411242713318
kinu_28_light/4:20,13.600000000000001,15,5.011872336272724,10.306479357613703
kinu_28_light/4:20,13.600000000000001,15,6.309573444801933,9.242715369841301
kinu_28_light/4:20,13.600000000000001,15,7.943282347242816,8.273297118514586
kinu_28_light/4:20,13.600000000000001,15,10.0,7.399911905509101
kinu_28_light/4:20,13.600000000000001,15,12.589254117941675,6.621296688060393
kinu_28_light/4:20,13.600000000000001,15,15.848931924611142,5.934295495054294
kinu_28_light/4:20,13.600000000000001,15,19.952623149688797,5.334357464905606
kinu_28_light/4:20,13.600000000000001,15,25.11886431509581,4.815754776739283
kinu_28_light/4:20,13.600000000000001,15,31.622776601683793,4.371815154111596
kinu_28_light/4:20,13.600000000000001,15,39.810717055349734,3.995252947752256
kinu_28_light/4:20,13.600000000000001,15,50.11872336272725,3.678539037098048
kinu_28_light/4:20,13.600000000000001,15,63.09573444801933,3.414229356468166
kinu_28_light/4:20,13.600000000000001,15,79.43282347242817,3.19521308892611
kinu_28_light/4:20,13.600000000000001,15,100.0,3.0148847249284874
kinu_28_light/4:20,13.600000000000001,20,1.0,19.294662415419044
kinu_28_light/4:20,13.600000000000001,20,1.2589254117941673,18.129131377953666
kinu_28_light/4:20,13.600000000000001,20,1.5848931924611136,16.888790600506507
kinu_28_light/4:20,13.600000000000001,20,1.9952623149688797,15.611437629839946
kinu_28_light/4:20,13.600000000000001,20,2.51188643150958,14.332777606635549
kinu_28_light/4:20,13.600000000000001,20,3.1622776601683795,13.084065683353403
kinu_28_light/4:20,13.600000000000001,20,3.981071705534973,11.89067187672796
kinu_28_light/4:20,13.600000000000001,20,5.011872336272724,10.771420518644906
kinu_28_light/4:20,13.600000000000001,20,6.309573444801933,9.738519460328346
kinu_28_light/4:20,13.600000000000001,20,7.943282347242816,8.79818051064907
kinu_28_light/4:20,13.600000000000001,20,10.0,7.951933466672078
kinu_28_light/4:20,13.600000000000001,20,12.589254117941675,7.198191600898024
kinu_28_light/4:20,13.600000000000001,20,15.848931924611142,6.533479915274542
kinu_28_light/4:20,13.600000000000001,20,19.952623149688797,5.953085502500858
kinu_28_light/4:20,13.600000000000001,20,25.11886431509581,5.451313908691457
kinu_28_light/4:20,13.600000000000001,20,31.622776601683793,5.021664179089926
kinu_28_light/4:20,13.600000000000001,20,39.810717055349734,4.657085593050578
kinu_28_light/4:20,13.600000000000001,20,50.11872336272725,4.350302584067862
kinu_28_light/4:20,13.600000000000001,20,63.09573444801933,4.0941268200656005
kinu_28_light/4:20,13.600000000000001,20,79.43282347242817,3.881702436515935
kinu_28_light/4:20,13.600000000000001,20,100.0,3.706669992534996
kinu_28_light/4:20,13.600000000000001,30,1.0,19.681571116007852
kinu_28_light/4:20,13.600000000000001,30,1.2589254117941673,18.593364333573287
kinu_28_light/4:20,13.600000000000001,30,1.5848931924611136,17.430305312813605
kinu_28_light/4:20,13.600000000000001,30,1.9952623149688797,16.2287472454526
kinu_28_light/4:20,13.600000000000001,30,2.51188643150958,15.023346104560078
kinu_28_light/4:20,13.600000000000001,30,3.1622776601683795,13.844612922009063
kinu_28_light/4:20,13.600000000000001,30,3.981071705534973,12.717411272362407
kinu_28_light/4:20,13.600000000000001,30,5.011872336272724,11.660345168403518
kinu_28_light/4:20,13.600000000000001,30,6.309573444801933,10.685735093517696
kinu_28_light/4:20,13.600000000000001,30,7.943282347242816,9.800029927957679
kinu_28_light/4:20,13.600000000000001,30,10.0,9.004766606354794
kinu_28_light/4:20,13.600000000000001,30,12.589254117941675,8.297989648074969
kinu_28_light/4:20,13.600000000000001,30,15.848931924611142,7.6756633242648595
kinu_28_light/4:20,13.600000000000001,30,19.952623149688797,7.132654271950723
kinu_28_light/4:20,13.600000000000001,30,25.11886431509581,6.663192332403273
kinu_28_light/4:20,13.600000000000001,30,31.622776601683793,6.261031862842907
kinu_28_light/4:20,13.600000000000001,30,39.810717055349734,5.91956725648084
kinu_28_light/4:20,13.600000000000001,30,50.11872336272725,5.632024069069307
kinu_28_light/4:20,13.600000000000001,30,63.09573444801933,5.3917041859673525
kinu_28_light/4:20,13.600000000000001,30,79.43282347242817,5.192214157654995
kinu_28_light/4:20,13.600000000000001,30,100.0,5.027630634622671
kinu_28_light/4:20,13.600000000000001,50,1.0,20.357657912486513
kinu_28_light/4:20,13.600000000000001,50,1.2589254117941673,19.413330209860145
kinu_28_light/4:20,13.600000000000001,50,1.5848931924611136,18.394421945234487
kinu_28_light/4:20,13.600000000000001,50,1.9952623149688797,17.33421227505365
kinu_28_light/4:20,13.600000000000001,50,2.51188643150958,16.265073005379772
kinu_28_light/4:20,13.600000000000001,50,3.1622776601683795,15.215957832234436
kinu_28_light/4:20,13.600000000000001,50,3.981071705534973,14.210702705879243
kinu_28_light/4:20,13.600000000000001,50,5.011872336272724,13.2672504301174
kinu_28_light/4:20,13.600000000000001,50,6.309573444801933,12.397735771095443
kinu_28_light/4:20,13.600000000000001,50,7.943282347242816,11.609015727601223
kinu_28_light/4:20,13.600000000000001,50,10.0,10.903332828649152
kinu_28_light/4:20,13.600000000000001,50,12.589254117941675,10.279145190534756
kinu_28_light/4:20,13.600000000000001,50,15.848931924611142,9.73221693683164
kinu_28_light/4:20,13.600000000000001,50,19.952623149688797,9.256801074020329
kinu_28_light/4:20,13.600000000000001,50,25.11886431509581,8.84658646292447
kinu_28_light/4:20,13.600000000000001,50,31.622776601683793,8.495241498346585
kinu_28_light/4:20,13.600000000000001,50,39.810717055349734,8.196615145963774
kinu_28_light/4:20,13.600000000000001,50,50.11872336272725,7.9447654114066095
kinu_28_light/4:20,13.600000000000001,50,63.09573444801933,7.733965815591462
kinu_28_light/4:20,13.600000000000001,50,79.43282347242817,7.558754954969287
kinu_28_light/4:20,13.600000000000001,50,100.0,7.414025944786363
kinu_28_light/4:20,13.600000000000001,75,1.0,21.036183805609692
kinu_28_light/4:20,13.600000000000001,75,1.2589254117941673,20.25260203252692
kinu_28_light/4:20,13.600000000000001,75,1.5848931924611136,19.39573256044675
kinu_28_light/4:20,13.600000000000001,75,1.9952623149688797,18.494771938351654
kinu_28_light/4:20,13.600000000000001,75,2.51188643150958,17.578959184913106
kinu_28_light/4:20,13.600000000000001,75,3.1622776601683795,16.675013955395197
kinu_28_light/4:20,13.600000000000001,75,3.981071705534973,15.805417238011662
kinu_28_light/4:20,13.600000000000001,75,5.011872336272724,14.987426831761702
kinu_28_light/4:20,13.600000000000001,75,6.309573444801933,14.232815347780372
kinu_28_light/4:20,13.600000000000001,75,7.943282347242816,13.548324398635385
kinu_28_light/4:20,13.600000000000001,75,10.0,12.936565774826503
kinu_28_light/4:20,13.600000000000001,75,12.589254117941675,12.396947504843284
kinu_28_light/4:20,13.600000000000001,75,15.848931924611142,11.926410798792515
kinu_28_light/4:20,13.600000000000001,75,19.952623149688797,11.520063882003022
kinu_28_light/4:20,13.600000000000001,75,25.11886431509581,11.171871197987796
kinu_28_light/4:20,13.600000000000001,75,31.622776601683793,10.875363221490334
kinu_28_light/4:20,13.600000000000001,75,39.810717055349734,10.624214246169077
kinu_28_light/4:20,13.600000000000001,75,50.11872336272725,10.412574233108357
kinu_28_light/4:20,13.600000000000001,75,63.09573444801933,10.235177400354587
kinu_28_light/4:20,13.600000000000001,75,79.43282347242817,10.08731921316101
kinu_28_light/4:20,13.600000000000001,75,100.0,9.964793791973007
kinu_28_light/4:20,13.600000000000001,100,1.0,21.574847048203296
kinu_28_light/4:20,13.600000000000001,100,1.2589254117941673,20.932087607579852
kinu_28_light/4:20,13.600000000000001,100,1.5848931924611136,20.218595324089797
kinu_28_light/4:20,13.600000000000001,100,1.9952623149688797,19.45929907626524
kinu_28_light/4:20,13.600000000000001,100,2.51188643150958,18.680148123815375
kinu_28_light/4:20,13.600000000000001,100,3.1622776601683795,17.90546450565706
kinu_28_light/4:20,13.600000000000001,100,3.981071705534973,17.156073913988084
kinu_28_light/4:20,13.600000000000001,100,5.011872336272724,16.448353591532776
kinu_28_light/4:20,13.600000000000001,100,6.309573444801933,15.793914138490017
kinu_28_light/4:20,13.600000000000001,100,7.943282347242816,15.199719606957787
kinu_28_light/4:20,13.600000000000001,100,10.0,14.668630224555315
kinu_28_light/4:20,13.600000000000001,100,12.589254117941675,14.200296854293025
kinu_28_light/4:20,13.600000000000001,100,15.848931924611142,13.79215225705268
kinu_28_light/4:20,13.600000000000001,100,19.952623149688797,13.440232752911523
kinu_28_light/4:20,13.600000000000001,100,25.11886431509581,13.139728110904386
kinu_28_light/4:20,13.600000000000001,100,31.622776601683793,12.885327785861083
kinu_28_light/4:20,13.600000000000001,100,39.810717055349734,12.671496846201121
kinu_28_light/4:20,13.600000000000001,100,50.11872336272725,12.492761220128244
kinu_28_light/4:20,13.600000000000001,100,63.09573444801933,12.343980708329244
kinu_28_light/4:20,13.600000000000001,100,79.43282347242817,12.220541804889816
kinu_28_light/4:20,13.600000000000001,100,100.0,12.118436923110997
kinu_28_light/4:20,13.600000000000001,150,1.0,22.35309243990818
kinu_28_light/4:20,13.600000000000001,150,1.2589254117941673,21.937005227546173
kinu_28_light/4:20,13.600000000000001,150,1.5848931924611136,21.459052080648245
kinu_28_light/4:20,13.600000000000001,150,1.9952623149688797,20.935914497757018
kinu_28_light/4:20,13.600000000000001,150,2.51188643150958,20.386414676914875
kinu_28_light/4:20,13.600000000000001,150,3.1622776601683795,19.829537997046902
kinu_28_light/4:20,13.600000000000001,150,3.981071705534973,19.282698048196117
kinu_28_light/4:20,13.600000000000001,150,5.011872336272724,18.76029825241792
kinu_28_light/4:20,13.600000000000001,150,6.309573444801933,18.272951903017184
kinu_28_light/4:20,13.600000000000001,150,7.943282347242816,17.827492260331436
kinu_28_light/4:20,13.600000000000001,150,10.0,17.42749893931819
kinu_28_light/4:20,13.600000000000001,150,12.589254117941675,17.073952736879168
kinu_28_light/4:20,13.600000000000001,150,15.848931924611142,16.7658076194779
kinu_28_light/4:20,13.600000000000001,150,19.952623149688797,16.500484108151852
kinu_28_light/4:20,13.600000000000001,150,25.11886431509581,16.27435673813664
kinu_28_light/4:20,13.600000000000001,150,31.622776601683793,16.08324477758032
kinu_28_light/4:20,13.600000000000001,150,39.810717055349734,15.922840750098185
kinu_28_light/4:20,13.600000000000001,150,50.11872336272725,15.789009895725876
kinu_28_light/4:20,13.600000000000001,150,63.09573444801933,15.67795445836164
kinu_28_light/4:20,13.600000000000001,150,79.43282347242817,15.58626987734285
kinu_28_light/4:20,13.600000000000001,150,100.0,15.510947517198488
kinu_28_light/4:20,13.600000000000001,200,1.0,22.83246530879043
kinu_28_light/4:20,13.600000000000001,200,1.2589254117941673,22.578740813045748
kinu_28_light/4:20,13.600000000000001,200,1.5848931924611136,22.27518517970308
kinu_28_light/4:20,13.600000000000001,200,1.9952623149688797,21.931439005680055
kinu_28_light/4:20,13.600000000000001,200,2.51188643150958,21.56029201463336
kinu_28_light/4:20,13.600000000000001,200,3.1622776601683795,21.17539927013123
kinu_28_light/4:20,13.600000000000001,200,3.981071705534973,20.789729573071426
kinu_28_light/4:20,13.600000000000001,200,5.011872336272724,20.414724843314115
kinu_28_light/4:20,13.600000000000001,200,6.309573444801933,20.059772549622725
kinu_28_light/4:20,13.600000000000001,200,7.943282347242816,19.731789581036782
kinu_28_light/4:20,13.600000000000001,200,10.0,19.43503083531294
kinu_28_light/4:20,13.600000000000001,200,12.589254117941675,19.17125967947461
kinu_28_light/4:20,13.600000000000001,200,15.848931924611142,18.940250732046827
kinu_28_light/4:20,13.600000000000001,200,19.952623149688797,18.740423056981932
kinu_28_light/4:20,13.600000000000001,200,25.11886431509581,18.569403052981833
kinu_28_light/4:20,13.600000000000001,200,31.622776601683793,18.424426235302406
kinu_28_light/4:20,13.600000000000001,200,39.810717055349734,18.302589757668766
kinu_28_light/4:20,13.600000000000001,200,50.11872336272725,18.201005517436794
kinu_28_light/4:20,13.600000000000001,200,63.09573444801933,18.116900575931783
kinu_28_light/4:20,13.600000000000001,200,79.43282347242817,18.047693514632904
kinu_28_light/4:20,13.600000000000001,200,100.0,17.99104202747095
kinu_28_light/4:20,13.600000000000001,300,1.0,22.816797715248732
kinu_28_light/4:20,13.600000000000001,300,1.2589254117941673,22.73665614151229
kinu_28_light/4:20,13.600000000000001,300,1.5848931924611136,22.63479304968646
kinu_28_light/4:20,13.600000000000001,300,1.9952623149688797,22.511714875881303
kinu_28_light/4:20,13.600000000000001,300,2.51188643150958,22.369460193151994
kinu_28_light/4:20,13.600000000000001,300,3.1622776601683795,22.211919164937562
kinu_28_light/4:20,13.600000000000001,300,3.981071705534973,22.04467235643715
kinu_28_light/4:20,13.600000000000001,300,5.011872336272724,21.87417148122806
kinu_28_light/4:20,13.600000000000001,300,6.309573444801933,21.706606609072313
kinu_28_light/4:20,13.600000000000001,300,7.943282347242816,21.546982231321255
kinu_28_light/4:20,13.600000000000001,300,10.0,21.398725994665114
kinu_28_light/4:20,13.600000000000001,300,12.589254117941675,21.263794707730572
kinu_28_light/4:20,13.600000000000001,300,15.848931924611142,21.14302341109351
kinu_28_light/4:20,13.600000000000001,300,19.952623149688797,21.036481236498258
kinu_28_light/4:20,13.600000000000001,300,25.11886431509581,20.943723513157163
kinu_28_light/4:20,13.600000000000001,300,31.622776601683793,20.86395312856888
kinu_28_light/4:20,13.600000000000001,300,39.810717055349734,20.79613087181125
kinu_28_light/4:20,13.600000000000001,300,50.11872336272725,20.739066212034903
kinu_28_light/4:20,13.600000000000001,300,63.09573444801933,20.691500063814733
kinu_28_light/4:20,13.600000000000001,300,79.43282347242817,20.652175605940133
kinu_28_light/4:20,13.600000000000001,300,100.0,20.61989344356503
kinu_29_light/4:11,11.560000000000002,10,1.0,20.36120638702723
kinu_29_light/4:11,11.560000000000002,10,1.2589254117941673,19.26475319086718
kinu_29_light/4:11,11.560000000000002,10,1.5848931924611136,18.067993650913987
kinu_29_light/4:11,11.560000000000002,10,1.9952623149688797,16.80416591592288
kinu_29_light/4:11,11.560000000000002,10,2.51188643150958,15.506103865150909
kinu_29_light/4:11,11.560000000000002,10,3.1622776601683795,14.204157831893404
kinu_29_light/4:11,11.560000000000002,10,3.981071705534973,12.924774439139592
kinu_29_light/4:11,11.560000000000002,10,5.011872336272724,11.689853689915338
kinu_29_light/4:11,11.560000000000002,10,6.309573444801933,10.516496302412387
kinu_29_light/4:11,11.560000000000002,10,7.943282347242816,9.416945476762015
kinu_29_light/4:11,11.560000000000002,10,10.0,8.398970141413887
kinu_29_light/4:11,11.560000000000002,10,12.589254117941675,7.466829917416768
kinu_29_light/4:11,11.560000000000002,10,15.848931924611142,6.622390515923367
kinu_29_light/4:11,11.560000000000002,10,19.952623149688797,5.8657664572879815
kinu_29_light/4:11,11.560000000000002,10,25.11886431509581,5.19546213955595
kinu_29_light/4:11,11.560000000000002,10,31.622776601683793,4.608313528271357
kinu_29_light/4:11,11.560000000000002,10,39.810717055349734,4.099621028479127
kinu_29_light/4:11,11.560000000000002,10,50.11872336272725,3.663440613357107
kinu_29_light/4:11,11.560000000000002,10,63.09573444801933,3.2930402763407827
kinu_29_light/4:11,11.560000000000002,10,79.43282347242817,2.981309000640902
kinu_29_light/4:11,11.560000000000002,10,100.0,2.721095154252124
kinu_29_light/4:11,11.560000000000002,15,1.0,20.50866718155596
kinu_29_light/4:11,11.560000000000002,15,1.2589254117941673,19.447806896527513
kinu_29_light/4:11,11.560000000000002,15,1.5848931924611136,18.288085315170317
kinu_29_light/4:11,11.560000000000002,15,1.9952623149688797,17.062185112821595
kinu_29_light/4:11,11.560000000000002,15,2.51188643150958,15.80253332906005
kinu_29_light/4:11,11.560000000000002,15,3.1622776601683795,14.539074468626765
kinu_29_light/4:11,11.560000000000002,15,3.981071705534973,13.297910208243213
kinu_29_light/4:11,11.560000000000002,15,5.011872336272724,12.100595044518187
kinu_29_light/4:11,11.560000000000002,15,6.309573444801933,10.963958522581565
kinu_29_light/4:11,11.560000000000002,15,7.943282347242816,9.90002367706963
kinu_29_light/4:11,11.560000000000002,15,10.0,8.916366781593897
kinu_29_light/4:11,11.560000000000002,15,12.589254117941675,8.016849833085455
kinu_29_light/4:11,11.560000000000002,15,15.848931924611142,7.2027676191305385
kinu_29_light/4:11,11.560000000000002,15,19.952623149688797,6.473704864215011
kinu_29_light/4:11,11.560000000000002,15,25.11886431509581,5.8278582534357755
kinu_29_light/4:11,11.560000000000002,15,31.622776601683793,5.262021720196467
kinu_29_light/4:11,11.560000000000002,15,39.810717055349734,4.7716104860704815
kinu_29_light/4:11,11.560000000000002,15,50.11872336272725,4.350903530110738
kinu_29_light/4:11,11.560000000000002,15,63.09573444801933,3.993420695865918
kinu_29_light/4:11,11.560000000000002,15,79.43282347242817,3.6923232386730733
kinu_29_light/4:11,11.560000000000002,15,100.0,3.440768256138213
kinu_29_light/4:11,11.560000000000002,20,1.0,20.652960779696052
kinu_29_light/4:11,11.560000000000002,20,1.2589254117941673,19.626759184335537
kinu_29_light/4:11,11.560000000000002,20,1.5848931924611136,18.50309503792351
kinu_29_light/4:11,11.560000000000002,20,1.9952623149688797,17.314100890700328
kinu_29_light/4:11,11.560000000000002,20,2.51188643150958,16.091704526437773
kinu_29_light/4:11,11.560000000000002,20,3.1622776601683795,14.865518866595123
kinu_29_light/4:11,11.560000000000002,20,3.981071705534973,13.661294782235577
kinu_29_light/4:11,11.560000000000002,20,5.011872336272724,12.500244634276019
kinu_29_light/4:11,11.560000000000002,20,6.309573444801933,11.398874302944375
kinu_29_light/4:11,11.560000000000002,20,7.943282347242816,10.369039234840118
kinu_29_light/4:11,11.560000000000002,20,10.0,9.418164935593115
kinu_29_light/4:11,11.560000000000002,20,12.589254117941675,8.549829527228624
kinu_29_light/4:11,11.560000000000002,20,15.848931924611142,7.764885361973072
kinu_29_light/4:11,11.560000000000002,20,19.952623149688797,7.062408367730556
kinu_29_light/4:11,11.560000000000002,20,25.11886431509581,6.440236435529043
kinu_29_light/4:11,11.560000000000002,20,31.622776601683793,5.895068121814
kinu_29_light/4:11,11.560000000000002,20,39.810717055349734,5.422417840778665
kinu_29_light/4:11,11.560000000000002,20,50.11872336272725,5.0167800075624465
kinu_29_light/4:11,11.560000000000002,20,63.09573444801933,4.671925114827995
kinu_29_light/4:11,11.560000000000002,20,79.43282347242817,4.381281776216235
kinu_29_light/4:11,11.560000000000002,20,100.0,4.138269936644941
kinu_29_light/4:11,11.560000000000002,30,1.0,20.929930451214098
kinu_29_light/4:11,11.560000000000002,30,1.2589254117941673,19.970368746022103
kinu_29_light/4:11,11.560000000000002,30,1.5848931924611136,18.916014611313873
kinu_29_light/4:11,11.560000000000002,30,1.9952623149688797,17.79780391071242
kinu_29_light/4:11,11.560000000000002,30,2.51188643150958,16.646758533331013
kinu_29_light/4:11,11.560000000000002,30,3.1622776601683795,15.491689468655435
kinu_29_light/4:11,11.560000000000002,30,3.981071705534973,14.357723603891479
kinu_29_light/4:11,11.560000000000002,30,5.011872336272724,13.265410344601168
kinu_29_light/4:11,11.560000000000002,30,6.309573444801933,12.230642881736438
kinu_29_light/4:11,11.560000000000002,30,7.943282347242816,11.264821027376408
kinu_29_light/4:11,11.560000000000002,30,10.0,10.375164374632922
kinu_29_light/4:11,11.560000000000002,30,12.589254117941675,9.565011043695097
kinu_29_light/4:11,11.560000000000002,30,15.848931924611142,8.834658629419971
kinu_29_light/4:11,11.560000000000002,30,19.952623149688797,8.18236213803064
kinu_29_light/4:11,11.560000000000002,30,25.11886431509581,7.605193341368459
kinu_29_light/4:11,11.560000000000002,30,31.622776601683793,7.099463657261938
kinu_29_light/4:11,11.560000000000002,30,39.810717055349734,6.660774967068286
kinu_29_light/4:11,11.560000000000002,30,50.11872336272725,6.2839986977688795
kinu_29_light/4:11,11.560000000000002,30,63.09573444801933,5.963420223843207
kinu_29_light/4:11,11.560000000000002,30,79.43282347242817,5.69299316123227
kinu_29_light/4:11,11.560000000000002,30,100.0,5.466634983093351
kinu_29_light/4:11,11.560000000000002,50,1.0,21.4300022676304
kinu_29_light/4:11,11.560000000000002,50,1.2589254117941673,20.593545316159936
kinu_29_light/4:11,11.560000000000002,50,1.5848931924611136,19.66729793555138
kinu_29_light/4:11,11.560000000000002,50,1.9952623149688797,18.67971614634033
kinu_29_light/4:11,11.560000000000002,50,2.51188643150958,17.65978361643284
kinu_29_light/4:11,11.560000000000002,50,3.1622776601683795,16.634665120101367
kinu_29_light/4:11,11.560000000000002,50,3.981071705534973,15.62818946258254
kinu_29_light/4:11,11.560000000000002,50,5.011872336272724,14.659888064064065
kinu_29_light/4:11,11.560000000000002,50,6.309573444801933,13.744536504587115
kinu_29_light/4:11,11.560000000000002,50,7.943282347242816,12.892510630404661
kinu_29_light/4:11,11.560000000000002,50,10.0,12.110356575034391
kinu_29_light/4:11,11.560000000000002,50,12.589254117941675,11.401310940406363
kinu_29_light/4:11,11.560000000000002,50,15.848931924611142,10.765661142628984
kinu_29_light/4:11,11.560000000000002,50,19.952623149688797,10.201229246987076
kinu_29_light/4:11,11.560000000000002,50,25.11886431509581,9.704176002009294
kinu_29_light/4:11,11.560000000000002,50,31.622776601683793,9.269826210125409
kinu_29_light/4:11,11.560000000000002,50,39.810717055349734,8.893222273158788
kinu_29_light/4:11,11.560000000000002,50,50.11872336272725,8.569381435375362
kinu_29_light/4:11,11.560000000000002,50,63.09573444801933,8.293306206871117
kinu_29_light/4:11,11.560000000000002,50,79.43282347242817,8.059970863903564
kinu_29_light/4:11,11.560000000000002,50,100.0,7.864355157223877
kinu_29_light/4:11,11.560000000000002,75,1.0,21.952682519656317
kinu_29_light/4:11,11.560000000000002,75,1.2589254117941673,21.252593518810723
kinu_29_light/4:11,11.560000000000002,75,1.5848931924611136,20.46871334631727
kinu_29_light/4:11,11.560000000000002,75,1.9952623149688797,19.626130925982814
kinu_29_light/4:11,11.560000000000002,75,2.51188643150958,18.751179586356745
kinu_29_light/4:11,11.560000000000002,75,3.1622776601683795,17.868882831703555
kinu_29_light/4:11,11.560000000000002,75,3.981071705534973,17.00129192711172
kinu_29_light/4:11,11.560000000000002,75,5.011872336272724,16.1666267569898
kinu_29_light/4:11,11.560000000000002,75,6.309573444801933,15.378839474158598
kinu_29_light/4:11,11.560000000000002,75,7.943282347242816,14.647534099964913
kinu_29_light/4:11,11.560000000000002,75,10.0,13.978342637441546
kinu_29_light/4:11,11.560000000000002,75,12.589254117941675,13.373738135394602
kinu_29_light/4:11,11.560000000000002,75,15.848931924611142,12.83385024278969
kinu_29_light/4:11,11.560000000000002,75,19.952623149688797,12.357021259752742
kinu_29_light/4:11,11.560000000000002,75,25.11886431509581,11.940043234625211
kinu_29_light/4:11,11.560000000000002,75,31.622776601683793,11.578492961691818
kinu_29_light/4:11,11.560000000000002,75,39.810717055349734,11.267189541872185
kinu_29_light/4:11,11.560000000000002,75,50.11872336272725,11.00074478433834
kinu_29_light/4:11,11.560000000000002,75,63.09573444801933,10.773963082764663
kinu_29_light/4:11,11.560000000000002,75,79.43282347242817,10.582049237134395
kinu_29_light/4:11,11.560000000000002,75,100.0,10.42063831461451
kinu_29_light/4:11,11.560000000000002,100,1.0,22.369411519164995
kinu_29_light/4:11,11.560000000000002,100,1.2589254117941673,21.78801351088755
kinu_29_light/4:11,11.560000000000002,100,1.5848931924611136,21.12896377334551
kinu_29_light/4:11,11.560000000000002,100,1.9952623149688797,20.41370878391908
kinu_29_light/4:11,11.560000000000002,100,2.51188643150958,19.66573395095844
kinu_29_light/4:11,11.560000000000002,100,3.1622776601683795,18.90794588787884
kinu_29_light/4:11,11.560000000000002,100,3.981071705534973,18.16071873446581
kinu_29_light/4:11,11.560000000000002,100,5.011872336272724,17.440864130203575
kinu_29_light/4:11,11.560000000000002,100,6.309573444801933,16.761311824388905
kinu_29_light/4:11,11.560000000000002,100,7.943282347242816,16.131213716129082
kinu_29_light/4:11,11.560000000000002,100,10.0,15.556104460024688
kinu_29_light/4:11,11.560000000000002,100,12.589254117941675,15.038261205562856
kinu_29_light/4:11,11.560000000000002,100,15.848931924611142,14.577384426168825
kinu_29_light/4:11,11.560000000000002,100,19.952623149688797,14.17139678458012
kinu_29_light/4:11,11.560000000000002,100,25.11886431509581,13.81720233128499
kinu_29_light/4:11,11.560000000000002,100,31.622776601683793,13.51107825711453
kinu_29_light/4:11,11.560000000000002,100,39.810717055349734,13.248892279144547
kinu_29_light/4:11,11.560000000000002,100,50.11872336272725,13.026170764353294
kinu_29_light/4:11,11.560000000000002,100,63.09573444801933,12.838267643124029
kinu_29_light/4:11,11.560000000000002,100,79.43282347242817,12.680575256411517
kinu_29_light/4:11,11.560000000000002,100,100.0,12.548777344054924
kinu_29_light/4:11,11.560000000000002,150,1.0,22.961759421484263
kinu_29_light/4:11,11.560000000000002,150,1.2589254117941673,22.57100614600146
kinu_29_light/4:11,11.560000000000002,150,1.5848931924611136,22.115924383176463
kinu_29_light/4:11,11.560000000000002,150,1.9952623149688797,21.610625994392354
kinu_29_light/4:11,11.560000000000002,150,2.51188643150958,21.072546869828127
kinu_29_light/4:11,11.560000000000002,150,3.1622776601683795,20.519812120195198
kinu_29_light/4:11,11.560000000000002,150,3.981071705534973,19.969349882396788
kinu_29_light/4:11,11.560000000000002,150,5.011872336272724,19.43571101637168
kinu_29_light/4:11,11.560000000000002,150,6.309573444801933,18.930318726993693
kinu_29_light/4:11,11.560000000000002,150,7.943282347242816,18.461142462129445
kinu_29_light/4:11,11.560000000000002,150,10.0,18.03295108781294
kinu_29_light/4:11,11.560000000000002,150,12.589254117941675,17.647965611229594
kinu_29_light/4:11,11.560000000000002,150,15.848931924611142,17.30647143896794
kinu_29_light/4:11,11.560000000000002,150,19.952623149688797,17.00731355961035
kinu_29_light/4:11,11.560000000000002,150,25.11886431509581,16.7481725720812
kinu_29_light/4:11,11.560000000000002,150,31.622776601683793,16.52584196763673
kinu_29_light/4:11,11.560000000000002,150,39.810717055349734,16.336582732299355
kinu_29_light/4:11,11.560000000000002,150,50.11872336272725,16.176495964701346
kinu_29_light/4:11,11.560000000000002,150,63.09573444801933,16.041808642455134
kinu_29_light/4:11,11.560000000000002,150,79.43282347242817,15.929063470078558
kinu_29_light/4:11,11.560000000000002,150,100.0,15.835161976445495
kinu_29_light/4:11,11.560000000000002,200,1.0,23.341947117253795
kinu_29_light/4:11,11.560000000000002,200,1.2589254117941673,23.08795972478958
kinu_29_light/4:11,11.560000000000002,200,1.5848931924611136,22.78461638605649
kinu_29_light/4:11,11.560000000000002,200,1.9952623149688797,22.4392005225976
kinu_29_light/4:11,11.560000000000002,200,2.51188643150958,22.062868343259044
kinu_29_light/4:11,11.560000000000002,200,3.1622776601683795,21.66900200379198
kinu_29_light/4:11,11.560000000000002,200,3.981071705534973,21.27102998850216
kinu_29_light/4:11,11.560000000000002,200,5.011872336272724,20.880794938773388
kinu_29_light/4:11,11.560000000000002,200,6.309573444801933,20.50787064882143
kinu_29_light/4:11,11.560000000000002,200,7.943282347242816,20.159439569456524
kinu_29_light/4:11,11.560000000000002,200,10.0,19.840388277473906
kinu_29_light/4:11,11.560000000000002,200,12.589254117941675,19.553381414079087
kinu_29_light/4:11,11.560000000000002,200,15.848931924611142,19.299071992386082
kinu_29_light/4:11,11.560000000000002,200,19.952623149688797,19.076540001016127
kinu_29_light/4:11,11.560000000000002,200,25.11886431509581,18.883827776282306
kinu_29_light/4:11,11.560000000000002,200,31.622776601683793,18.718435968444545
kinu_29_light/4:11,11.560000000000002,200,39.810717055349734,18.577656737054852
kinu_29_light/4:11,11.560000000000002,200,50.11872336272725,18.45877078543709
kinu_29_light/4:11,11.560000000000002,200,63.09573444801933,18.35913055110623
kinu_29_light/4:11,11.560000000000002,200,79.43282347242817,18.2762047992469
kinu_29_light/4:11,11.560000000000002,200,100.0,18.20762849793185
kinu_29_light/4:11,11.560000000000002,300,1.0,23.620574988120637
kinu_29_light/4:11,11.560000000000002,300,1.2589254117941673,23.521082584295815
kinu_29_light/4:11,11.560000000000002,300,1.5848931924611136,23.39675132991827
kinu_29_light/4:11,11.560000000000002,300,1.9952623149688797,23.2500634253951
kinu_29_light/4:11,11.560000000000002,300,2.51188643150958,23.084727704606966
kinu_29_light/4:11,11.560000000000002,300,3.1622776601683795,22.90510389324515
kinu_29_light/4:11,11.560000000000002,300,3.981071705534973,22.716208740921537
kinu_29_light/4:11,11.560000000000002,300,5.011872336272724,22.523698477057447
kinu_29_light/4:11,11.560000000000002,300,6.309573444801933,22.333509983777315
kinu_29_light/4:11,11.560000000000002,300,7.943282347242816,22.151152462126127
kinu_29_light/4:11,11.560000000000002,300,10.0,21.981003226689023
kinu_29_light/4:11,11.560000000000002,300,12.589254117941675,21.825891041663404
kinu_29_light/4:11,11.560000000000002,300,15.848931924611142,21.68712609390038
kinu_29_light/4:11,11.560000000000002,300,19.952623149688797,21.56481288391335
kinu_29_light/4:11,11.560000000000002,300,25.11886431509581,21.458283686195077
kinu_29_light/4:11,11.560000000000002,300,31.622776601683793,21.36645277163525
kinu_29_light/4:11,11.560000000000002,300,39.810717055349734,21.28802617345686
kinu_29_light/4:11,11.560000000000002,300,50.11872336272725,21.221641713694666
kinu_29_light/4:11,11.560000000000002,300,63.09573444801933,21.16592489729324
kinu_29_light/4:11,11.560000000000002,300,79.43282347242817,21.119532302063877
kinu_29_light/4:11,11.560000000000002,300,100.0,21.081185028241492
