case,h_gas_0_mm,chi2,chi2_hydraulic,chi2_volume_bloom,n_bloom_pts,bloom_end_s,k,sat_rel_perm_exp,tau_wet_s,tau_tort,tds_error_gl
kinu_29_light/4:12,0.0,11.211395482778094,5.721360397078964,0.16524074198417715,6,33.0,6.715891654485486e-11,3.6337315709961637,10.000000002067225,4.948079702727784,0.04345484218038109
kinu_29_light/4:12,3.0,10.827193551227408,5.346679272897338,0.1727526886743969,6,33.0,6.722092326937268e-11,3.4959430377369185,10.000000000000005,4.948079702727784,0.04322957925078441
kinu_29_light/4:12,6.0,10.445307080917972,4.974956914913674,0.18489690283546326,6,33.0,6.735019891791483e-11,3.3749743092634548,10.00000000001204,4.948079702727784,0.04193612662798962
kinu_29_light/4:12,9.0,10.074996899993405,4.614649157343263,0.20258376613597437,6,33.0,6.751387287210294e-11,3.253482222407027,10.000000002154028,4.948079702727784,0.040286966023735715
kinu_29_light/4:12,12.0,9.724366733208702,4.274025683367111,0.22699444594742682,6,33.0,6.767202152463621e-11,3.1210867551613606,10.000000000000353,4.948079702727784,0.0390671962046536
kinu_29_light/4:12,18.0,9.107533948009177,3.676328118967839,0.3075844249104757,6,33.0,6.82349912193597e-11,2.8951508634407004,10.000049083209246,4.948079702727784,0.033860652815386416
kinu_29_light/4:12,25.0,8.367599619756609,3.068382071470666,0.3319138729593147,6,33.0,6.834381039824951e-11,3.0169135043144557,12.7896652684895,4.948079702727784,-0.04666212874778175
kinu_27_light/4:12,0.0,7.842525635000597,7.5781164623995885,0.44607127024297366,1,36.0,6.942315283007037e-11,3.8160282434908788,15.799407838694059,7.397000509453553,0.12003475828382015
kinu_27_light/4:12,3.0,7.546015382246068,7.281713325503206,0.418874979402362,1,36.0,6.953214828514896e-11,3.726280207000523,15.788541701928622,7.397000509453553,0.11978349737205463
kinu_27_light/4:12,6.0,7.247249925909832,6.982728257193005,0.39043141396169895,1,36.0,6.958005883789167e-11,3.630380897755074,15.797381691020542,7.397000509453553,0.1202634011736965
kinu_27_light/4:12,9.0,6.950716105155668,6.6865250402153045,0.3609511287010387,1,36.0,6.972603552353668e-11,3.5420551404941776,15.777707150643822,7.397000509453553,0.11956894597212475
kinu_27_light/4:12,12.0,6.655536179910814,6.391698133273376,0.32980222978111845,1,36.0,6.993178215151044e-11,3.470533755351445,15.765893970874169,7.397000509453553,0.11878194274169118
kinu_27_light/4:12,18.0,6.0762049267623635,5.812828840924632,0.265777648816887,1,36.0,7.025318388615881e-11,3.2990691034224584,15.751394989720865,7.397000509453553,0.11778581669431709
kinu_27_light/4:12,25.0,5.438961571153973,5.176645660737516,0.1882213518071035,1,36.0,7.0837766928585e-11,3.131042197055044,15.729122965225171,7.397000509453553,0.11542285756961412
kinu_28_light/4:20,0.0,16.006028611855168,5.112463037700755,0.2610488305662953,7,39.0,8.077505648671596e-11,3.6203400089404023,40.34536034044867,3.341354602517919,-0.009125326260095434
kinu_28_light/4:20,3.0,15.818262894078766,4.958836138849789,0.23778424954055355,7,39.0,8.078811694637385e-11,3.5611620673881026,40.49120635696765,3.341354602517919,-0.013536839496516961
kinu_28_light/4:20,6.0,15.626097440818258,4.806074202907958,0.21240798160108812,7,39.0,8.0601011430456e-11,3.5256322731483585,40.905375320477766,3.341354602517919,-0.029700227337656315
kinu_28_light/4:20,9.0,15.432548708491208,4.648894157386397,0.1901400982974581,7,39.0,8.061929047962515e-11,3.4638179924607404,41.09246128224894,3.341354602517919,-0.03561608730706922
kinu_28_light/4:20,12.0,15.233533865285182,4.494427972000941,0.16749466683812905,7,39.0,8.051286658732718e-11,3.424107500796501,41.441495705758015,3.341354602517919,-0.04843007189457005
kinu_28_light/4:20,18.0,14.82358101023672,4.182188678781073,0.13187448700679533,7,39.0,8.045706211586047e-11,3.3161066693088874,41.911466782710995,3.341354602517919,-0.06323772239710124
kinu_28_light/4:20,25.0,14.34465781394727,3.8332601004971654,0.11672458793941268,7,39.0,8.012521167924031e-11,3.2174304256424087,42.87483529483367,3.341354602517919,-0.09761826178291422
