param,in_fit,delta_chi2_volume,delta_chi2_server_series,delta_chi2_cup_temp,factor,value,delta_chi2,reduced_chi2,retention_rmse_ml,rmse_ml,velocity_rmse_mlps,cup_stop_time_error_s,cup_temp_error_C
lambda_cool,False,0.00672016274087639,0.03128951725571483,0.0,0.7,0.00025899999999999995,0.040594159456611933,0.3593395255524519,2.5915833393285292,2.577481712868725,0.4925981891128148,0.18990328419788227,-0.33822251120993485
lambda_cool,False,0.0031236329440407218,0.0010071655943306723,0.0,0.85,0.0003145,0.005390221830342767,0.35798552795144156,2.589888916531638,2.576287216940535,0.49202782023581143,0.1953641301885085,-0.3897941855155693
lambda_cool,False,0.0,0.0,0.0,1.0,0.00037,0.0,0.3577782117271976,2.5882517138856866,2.5751435554629776,0.4914632671322312,0.20080485775146428,-0.44127771882600086
lambda_cool,False,-0.002464766252087358,0.028178625703550786,0.0,1.15,0.00042549999999999993,0.024513351110847736,0.35872103292376867,2.5867069840107053,2.5740979592748685,0.49091011251497224,0.2061236569919629,-0.4927094608849103
lambda_cool,False,-0.004301479514847273,0.08541114082639911,0.0,1.3,0.00048100000000000004,0.0787672099196044,0.36080771980102855,2.5852365741650525,2.57313547616704,0.4903657468186209,0.211322101232156,-0.5440909141892121
U_liquid_dripper_W_m2K,True,0.22607616027042443,3.8108285400153346,0.0,0.7,180.70157472422042,3.7134891689694314,0.5144896495145955,2.6450598774662546,2.6270076040141177,0.5035919073774264,0.1289250251862768,0.22794073012060778
U_liquid_dripper_W_m2K,True,0.09784844636316947,0.926121629134828,0.0,0.85,219.4233407365534,0.7255405915261033,0.39773284413607357,2.613889390770622,2.5985339687858704,0.4969976287784355,0.16977563459968792,-0.13773411389468038
U_liquid_dripper_W_m2K,True,0.0,0.0,0.0,1.0,258.14510674888635,0.0,0.3577782117271976,2.5882517138856866,2.5751435554629776,0.4914632671322312,0.20080485775146428,-0.44127771882600086
U_liquid_dripper_W_m2K,True,-0.07743807532133129,0.3035102368397764,0.0,1.15,296.86687276121927,0.685481260472228,0.3661189918682984,2.566670478845156,2.555475422453955,0.4867573725757716,0.2243901998214568,-0.6954417794823939
U_liquid_dripper_W_m2K,True,-0.1410701842693145,1.3628095533770326,0.0,1.3,335.58863877355225,2.2387880927145645,0.4042169787483726,2.548191288655455,2.5385570144034615,0.4827102902253371,0.24281647068576717,-0.9099622330546566
lambda_dripper_ambient,False,-0.006475609445310226,-0.0449160154531727,0.0,0.7,0.0028,-0.0500711912228784,0.35585239668016383,2.588566480429228,2.574635893716307,0.4920509908902898,0.1922254141303057,-0.3603418425449263
lambda_dripper_ambient,False,-0.0033700269648804237,-0.02910077135750111,0.0,0.85,0.0034,-0.03182938110195721,0.3565540047617377,2.5883842136446744,2.5748709628323123,0.49175096572004845,0.19657908081586584,-0.4013227339600718
lambda_dripper_ambient,False,0.0,0.0,0.0,1.0,0.004,0.0,0.3577782117271976,2.5882517138856866,2.5751435554629776,0.4914632671322312,0.20080485775146428,-0.44127771882600086
lambda_dripper_ambient,False,0.0036549966477528173,0.041451132456955975,0.0,1.15,0.0046,0.044497332300517556,0.3594896475849098,2.5881688151854854,2.575457358643119,0.49118755729977087,0.20486833974904073,-0.48025347381825156
lambda_dripper_ambient,False,0.0076379765635987695,0.09439565751129564,0.0,1.3,0.005200000000000001,0.10084325715769538,0.3616567985409551,2.588132713008079,2.575818120198809,0.4909233785556011,0.20872527917265415,-0.5182999580845262
lambda_server_ambient,False,0.0,0.15590802587538022,0.0,0.7,0.00025899999999999995,0.15590802587538022,0.36377467426086607,2.5882517138856866,2.5751435554629776,0.4914632671322312,0.20080485775146428,-0.13400665377611176
lambda_server_ambient,False,0.0,-0.0042174938917565186,0.0,0.85,0.0003145,-0.0042174938917565186,0.3576160004236685,2.5882517138856866,2.5751435554629776,0.4914632671322312,0.20080485775146428,-0.28795202903587835
lambda_server_ambient,False,0.0,0.0,0.0,1.0,0.00037,0.0,0.3577782117271976,2.5882517138856866,2.5751435554629776,0.4914632671322312,0.20080485775146428,-0.44127771882600086
lambda_server_ambient,False,0.0,0.16681796635292923,0.0,1.15,0.00042549999999999993,0.16681796635292834,0.3641942873561564,2.5882517138856866,2.5751435554629776,0.4914632671322312,0.20080485775146428,-0.5939867108073713
lambda_server_ambient,False,0.0,0.4945101324156216,0.0,1.3,0.00048100000000000004,0.4945101324156216,0.3767978322047215,2.5882517138856866,2.5751435554629776,0.4914632671322312,0.20080485775146428,-0.7460819764933291
