param,in_fit,factor,value,delta_chi2,reduced_chi2,retention_rmse_ml,rmse_ml,velocity_rmse_mlps,cup_stop_time_error_s
k,True,0.7,4.523092868127238e-11,128.8112211292771,5.312610403743007,9.497770881253736,9.6632819700359,0.4462035896468597,-0.8348775672996709
k,True,0.85,5.492327054154503e-11,23.225677193528337,1.2516279446757463,4.486468408508185,4.627812340012212,0.41270800401435054,-0.2729402695196086
k,True,1.0,6.461561240181768e-11,0.0,0.3583326680015796,2.5977908505975145,2.5670983658737403,0.4911805483453567,0.21996673458785665
k,True,1.15,7.430795426209034e-11,9.874017546965927,0.7381025736541152,4.032036906407406,3.887825101919595,0.623051273640152,0.30297734962937284
k,True,1.3,8.400029612236299e-11,26.96709888737904,1.3955287790546196,5.526242862583182,5.396934079507328,0.7405932339172054,0.22746623525446807
k_beta,False,0.7,1760.344691288264,1.0403563574394212,0.38809226413923903,2.755274340960377,2.7119390101225025,0.513975636569444,0.28622969881971017
k_beta,False,0.85,2137.561410850035,0.2614283259573362,0.36625867709937265,2.6495980109703527,2.6187379610918247,0.5018380296824557,0.2556534930294134
k_beta,False,1.0,2514.7781304118057,0.0,0.3583326680015796,2.5977908505975145,2.5670983658737403,0.4911805483453567,0.21996673458785665
k_beta,False,1.15,2891.9948499735765,0.3572553598186232,0.3704988024289657,2.6020054940894517,2.5887841341261457,0.48141835800753435,0.18159987445652348
k_beta,False,1.3,3269.2115695353477,0.894463530838836,0.3871867834890049,2.662573865307762,2.6221205829589884,0.4725399998548102,0.13518787688541067
wetbed_rev_gain,False,0.7,0.84,0.8124164875174955,0.38957945598302174,2.8245289557627484,2.7471747762974075,0.5252455147619407,0.2643959121280517
wetbed_rev_gain,False,0.85,1.02,0.2885151711320315,0.3694294053528116,2.6690448341711956,2.6399859475850187,0.5072133639710502,0.24196393729741317
wetbed_rev_gain,False,1.0,1.2,0.0,0.3583326680015796,2.5977908505975145,2.5670983658737403,0.4911805483453567,0.21996673458785665
wetbed_rev_gain,False,1.15,1.38,0.2566599078595413,0.36820420291925426,2.575087460171205,2.5636679923205388,0.4762024333528415,0.1912576603870093
wetbed_rev_gain,False,1.3,1.56,1.388784715198657,0.41174746473998947,2.631618402192332,2.6804959865046274,0.4628559814421004,0.16529164267237206
sat_rel_perm_exp,True,0.7,2.232517980965891,3.316307635999392,0.47072779799327685,3.076151194939058,3.0338124248042257,0.5363937119883039,0.35573682678746366
sat_rel_perm_exp,True,0.85,2.710914691172867,0.9571748090436127,0.3939641902036912,2.7495132238729347,2.728021713500634,0.5099758776210792,0.3220886506325371
sat_rel_perm_exp,True,1.0,3.189311401379844,0.0,0.3583326680015796,2.5977908505975145,2.5670983658737403,0.4911805483453567,0.21996673458785665
sat_rel_perm_exp,True,1.15,3.6677081115868204,0.5392248898774898,0.3724274719790767,2.585855163643828,2.5916141982501752,0.47890730073633847,0.06984256975421488
sat_rel_perm_exp,True,1.3,4.146104821793798,2.4567710278565276,0.43451681373288636,2.709309045208149,2.7806250462556474,0.47378541800695234,-0.08353619236386578
psi,False,0.7,0.00014,1.2529824065964803,0.40652429902452114,2.6769546931831227,2.6889099806983348,0.4757351477495894,0.20947672774305204
psi,False,0.85,0.00017,0.6405284224896075,0.38296837655887217,2.620003518358604,2.633650637124934,0.48359215765135977,0.21929910527137508
psi,False,1.0,0.0002,0.0,0.3583326680015796,2.5977908505975145,2.5670983658737403,0.4911805483453567,0.21996673458785665
psi,False,1.15,0.00022999999999999998,0.020567568433408567,0.35912372832594147,2.6142905779913685,2.588987585859657,0.5001532883915953,0.22178271312405684
psi,False,1.3,0.00026000000000000003,0.24301989351294218,0.3676795869828466,2.672887296749622,2.6352453158966664,0.5096839470998035,0.22328032362345596
tau_lag_s,False,0.7,0.35,0.1926934273421761,0.36574395366858636,2.6938956217935,2.650988544891271,0.5055201269656894,0.191991562112662
tau_lag_s,False,0.85,0.425,0.05923178307437915,0.36061081350444035,2.6406583490881723,2.603690699270947,0.4982199116095359,0.20641990402538113
tau_lag_s,False,1.0,0.5,0.0,0.3583326680015796,2.5977908505975145,2.5670983658737403,0.4911805483453567,0.21996673458785665
tau_lag_s,False,1.15,0.575,0.015013984853800011,0.35891012895749497,2.5658907566498685,2.5417491934823353,0.48442559257825224,0.2326188407847809
tau_lag_s,False,1.3,0.65,0.10420884237831451,0.36234070040074556,2.545417885215764,2.5280258019470985,0.4779674679164999,0.24439864927906285
tau_wet_s,True,0.7,10.0,-0.07031146759504736,0.3556283807863855,2.578290406204379,2.564440854611883,0.4896211731643131,0.17962017202647473
tau_wet_s,True,0.85,10.0,-0.07031146759504736,0.3556283807863855,2.578290406204379,2.564440854611883,0.4896211731643131,0.17962017202647473
tau_wet_s,True,1.0,10.648887766307103,0.0,0.3583326680015796,2.5977908505975145,2.5670983658737403,0.4911805483453567,0.21996673458785665
tau_wet_s,True,1.15,12.246220931253168,0.5273090606767035,0.37861378571991433,2.666529895443984,2.6512483176557167,0.496299057524367,0.3166318626275597
tau_wet_s,True,1.3,13.843554096199234,1.4914259031479844,0.41569520273804056,2.8715949428859684,2.82603064336882,0.5142726788676508,0.3207631462820615
tau_tort,True,0.7,5.266437941983338,5.211600739321224,0.5685056182116756,2.589322776789457,2.589298476015303,0.4911656671960842,0.22059200729373174
tau_tort,True,0.85,6.394960358122626,1.221610285461006,0.4116182704079103,2.5974088517154836,2.5795108736649337,0.49139892731730545,0.22050521993125471
tau_tort,True,1.0,7.523482774261913,0.0,0.3583326680015796,2.5977908505975145,2.5670983658737403,0.4911805483453567,0.21996673458785665
tau_tort,True,1.15,8.6520051904012,1.1462609215976052,0.39449945036737205,2.5982347521284437,2.58135427789674,0.4913183223053389,0.22150542085429947
tau_tort,True,1.3,9.780527606540486,3.8965608235023748,0.49142760119493506,2.5899274583933636,2.5898482881911704,0.49114915086620986,0.22048061801629615
