case,max_EY,shell_um,tau_tort_tds_exact,tds_err_at_tau1,tds_err_at_tau100
kinu_29_light/4:12,0.22,40,2.4432899531905776,3.179396469469401,-7.582381095111261
kinu_29_light/4:12,0.22,200,7.627749589354337,5.1445765436165445,-9.876126881608904
kinu_29_light/4:12,0.3,40,5.913802465641075,8.40915792458075,-6.13763452457935
kinu_29_light/4:12,0.3,200,13.670182044816743,11.195249437175043,-9.264971430831736
kinu_27_light/4:12,0.22,40,3.70013596765714,3.978682513194274,-6.0463452416297185
kinu_27_light/4:12,0.22,200,9.857743144904267,5.354037983283234,-8.365633651028823
kinu_27_light/4:12,0.3,40,9.389587472142946,9.006640037789623,-4.5684318017078
kinu_27_light/4:12,0.3,200,16.958148879032002,10.965270714303394,-7.730711517706412
kinu_28_light/4:20,0.22,40,1.421743877405365,1.1692784315316054,-9.499988280251642
kinu_28_light/4:20,0.22,200,4.171493526676702,3.148704938315479,-12.286478373622979
kinu_28_light/4:20,0.3,40,3.8457527604586463,6.413634685660387,-8.011896088544802
kinu_28_light/4:20,0.3,200,8.253588914288676,9.22882680716306,-11.809596378208399
kinu_29_light/4:11,0.22,40,3.423817692985889,4.035399923590315,-6.871374838708065
kinu_29_light/4:11,0.22,200,8.513380981004108,5.565169708143056,-9.781130573950083
kinu_29_light/4:11,0.3,40,9.192237898183928,9.613167456740868,-5.1685400605687954
kinu_29_light/4:11,0.3,200,14.787384296447486,11.7818484122879,-9.135337514281664
