case,shell_um,fast_mass_fraction,tau_fast_massw_s_at_tau1,tau_tort_chi2,chi2,tds_error_gl,tau_tort_tds_exact,tau_tort_at_bound,n_eval,wall_s,tau_slow_massw_s_at_tau1
kinu_29_light/4:12,30,0.15844309431337517,0.1655902358961057,2.299067084557499,11.196570868135908,-0.1580692324296038,2.2085715602039726,False,16,7.911348104476929,56.24172072119096
kinu_29_light/4:12,50,0.2503775688294701,0.4599728774891825,2.8183037366692365,10.595729242536349,-0.13105857827374834,2.7151049214310015,False,17,8.394714832305908,55.23650547662103
kinu_29_light/4:12,100,0.4395835448439764,1.8379422696447913,5.117373258111098,9.82583154832662,0.007778018012075449,5.134186774201334,False,16,8.00968599319458,52.556228052893765
kinu_29_light/4:12,200,0.6902075201419686,7.226420754976797,7.5270435333930035,9.940904083583685,0.06592093390350229,7.627749589354337,False,19,9.349886894226074,46.65988652482428
kinu_29_light/4:12,300,0.8346311086411183,15.725328369469752,4.896409891566089,9.641953413038149,-0.002591094490162149,4.894236372304466,False,14,6.8254289627075195,41.003375189724565
kinu_27_light/4:12,30,0.17225451709205544,0.16559023589610566,3.378039140412931,6.950672560601341,-0.0918527833551277,3.288536267820892,False,19,10.009619951248169,51.198630316334636
kinu_27_light/4:12,50,0.27066160790221216,0.459959887842022,4.252998708215752,6.60709991671748,-0.04345301167820104,4.191293222835941,False,16,8.477581977844238,50.62808485747671
kinu_27_light/4:12,100,0.46868062139644057,1.8385392377476728,8.418095004891438,6.878029596553644,0.2194528434919345,9.460025960189922,False,17,10.062106132507324,49.040131229817014
kinu_27_light/4:12,200,0.7191097062470799,7.179915429230411,9.640408935661933,6.915865773111804,0.10829586898487875,9.857743144904267,False,19,12.01770806312561,45.29215261172757
kinu_27_light/4:12,300,0.8555195594483305,15.490599188510506,6.007043310654619,6.243459736007624,0.027318409704587765,6.037701682662682,False,15,8.401762008666992,41.95443919197031
kinu_28_light/4:20,30,0.1838301344204753,0.1655902358961057,1.3990865659358658,17.819972703474313,-0.27180112919661426,1.3001054482887326,False,18,9.18700909614563,36.148900002327444
kinu_28_light/4:20,50,0.28854530285403146,0.4599728774891824,1.6788561114339882,17.05957288947667,-0.2550518736275098,1.557340443278398,False,17,8.643942832946777,34.981243598529204
kinu_28_light/4:20,100,0.4981151793830925,1.8381391862953624,2.822326646193034,15.56622956914382,-0.18294677795654835,2.623262741488894,False,15,7.817421913146973,31.944280631156083
kinu_28_light/4:20,200,0.7584595050489142,7.167597569526603,4.200010820613318,14.998083752943632,-0.030680051974229627,4.171493526676702,False,21,10.625525712966919,25.61192141103992
kinu_28_light/4:20,300,0.8937081789070129,15.461170968119157,2.5946703345529336,15.626634401748788,-0.10011165173085779,2.545243521181072,False,17,8.859684944152832,20.03417093180412
kinu_29_light/4:11,30,0.18640460898537572,0.16559023589610572,3.119645592821847,238.6318785524605,-0.10374522565339106,3.033312223857097,False,19,8.105571985244751,41.50977938918817
kinu_29_light/4:11,50,0.29130625770980245,0.45994810022617844,3.9618989570570613,237.19326616654186,-0.056033221918710296,3.893102661523051,False,19,7.911814212799072,40.79755965845149
kinu_29_light/4:11,100,0.4979132406544315,1.8371752773649461,8.109665725873407,235.95499816592388,0.18602641478304882,8.8696377230289,False,21,8.683357954025269,38.71988062041789
kinu_29_light/4:11,200,0.7483964275297669,7.1223685651350905,8.394298102924214,234.92501202645354,0.07628202020126906,8.513380981004108,False,19,7.7861878871917725,33.36617238033754
kinu_29_light/4:11,300,0.8787946358800018,15.174193496606811,5.160919204428909,234.2083467865692,0.0014507867944111297,5.162192498848736,False,19,7.598940134048462,27.71572871376786
